"timestamp","app","event_type","key"
"2025-11-01T12:30:52.083914","Activity Tracker","click","left"
"2025-11-01T12:30:53.084988","Finder","click","left"
"2025-11-01T12:30:53.666546","Finder","click","left"
"2025-11-01T12:30:56.399855","Finder","click","left"
"2025-11-01T12:30:57.866672","Finder","click","left"
"2025-11-01T12:30:59.000332","Finder","click","left"
"2025-11-01T12:31:00.300742","Finder","click","left"
"2025-11-01T12:31:02.202812","Finder","click","right"
"2025-11-01T12:31:04.850314","Finder","click","left"
"2025-11-01T12:31:13.059084","Google Chrome","click","left"
"2025-11-01T12:31:14.502544","Google Chrome","click","left"
"2025-11-01T12:31:14.950593","Google Chrome","click","left"
"2025-11-01T12:31:15.417614","Google Chrome","click","left"
"2025-11-01T12:31:16.052054","Google Chrome","click","left"
"2025-11-01T12:31:17.633860","Google Chrome","click","left"
"2025-11-01T12:31:18.236348","Google Chrome","click","left"
"2025-11-01T12:31:19.383719","Google Chrome","click","left"
"2025-11-01T12:31:20.336373","Google Chrome","click","left"
"2025-11-01T12:31:21.983718","Google Chrome","click","left"
"2025-11-01T12:31:24.350772","Google Chrome","click","left"
"2025-11-01T12:31:24.933890","Google Chrome","click","left"
"2025-11-01T12:31:25.767472","Google Chrome","click","left"
"2025-11-01T12:31:26.650104","Google Chrome","click","left"
"2025-11-01T12:31:27.434389","Google Chrome","click","left"
"2025-11-01T12:31:28.967841","Google Chrome","click","left"
"2025-11-01T12:31:30.550140","Google Chrome","click","left"
"2025-11-01T12:31:31.085561","Google Chrome","click","left"
"2025-11-01T12:31:32.417163","Google Chrome","click","left"
"2025-11-01T12:31:33.150221","Google Chrome","click","left"
"2025-11-01T12:31:34.334012","Google Chrome","click","left"
"2025-11-01T12:31:35.316627","Google Chrome","click","left"
"2025-11-01T12:31:36.083421","Google Chrome","click","left"
"2025-11-01T12:31:36.917119","Google Chrome","click","left"
"2025-11-01T12:31:39.618254","Google Chrome","click","left"
"2025-11-01T12:31:42.471684","Finder","click","right"
"2025-11-01T12:31:43.816635","Finder","click","left"
"2025-11-01T12:31:46.459558","Terminal","keystroke","h"
"2025-11-01T12:31:46.614260","Terminal","keystroke","u"
"2025-11-01T12:31:46.765988","Terminal","keystroke","g"
"2025-11-01T12:31:46.945543","Terminal","keystroke","o"
"2025-11-01T12:31:47.118794","Terminal","keystroke","space"
"2025-11-01T12:31:47.307578","Terminal","keystroke","s"
"2025-11-01T12:31:47.457435","Terminal","keystroke","e"
"2025-11-01T12:31:47.971844","Terminal","keystroke","r"
"2025-11-01T12:31:48.213104","Terminal","keystroke","v"
"2025-11-01T12:31:48.343098","Terminal","keystroke","e"
"2025-11-01T12:31:48.782732","Terminal","keystroke","space"
"2025-11-01T12:31:49.093215","Terminal","keystroke","-"
"2025-11-01T12:31:49.355515","Terminal","keystroke","shift"
"2025-11-01T12:31:49.524092","Terminal","keystroke","D"
"2025-11-01T12:31:49.776921","Terminal","keystroke","enter"
"2025-11-01T12:31:52.362643","Google Chrome","click","left"
"2025-11-01T12:31:53.401287","Google Chrome","click","left"
"2025-11-01T12:31:56.869418","Google Chrome","click","left"
"2025-11-01T12:31:59.349924","Google Chrome","click","left"
"2025-11-01T12:31:59.816723","Google Chrome","click","left"
"2025-11-01T12:32:03.000180","Code","click","left"
"2025-11-01T12:32:04.116762","Code","click","left"
"2025-11-01T12:32:06.416845","Google Chrome","click","left"
"2025-11-01T12:32:07.050683","Google Chrome","click","left"
"2025-11-01T12:32:07.337176","Google Chrome","keystroke","r"
"2025-11-01T12:32:07.485475","Google Chrome","keystroke","a"
"2025-11-01T12:32:07.658954","Google Chrome","keystroke","d"
"2025-11-01T12:32:07.805943","Google Chrome","keystroke","i"
"2025-11-01T12:32:07.902404","Google Chrome","keystroke","c"
"2025-11-01T12:32:08.034086","Google Chrome","keystroke","a"
"2025-11-01T12:32:08.093697","Google Chrome","keystroke","l"
"2025-11-01T12:32:08.276403","Google Chrome","keystroke","space"
"2025-11-01T12:32:08.438533","Google Chrome","keystroke","m"
"2025-11-01T12:32:08.574654","Google Chrome","keystroke","e"
"2025-11-01T12:32:08.754167","Google Chrome","keystroke","d"
"2025-11-01T12:32:08.862231","Google Chrome","keystroke","i"
"2025-11-01T12:32:09.004010","Google Chrome","keystroke","a"
"2025-11-01T12:32:09.127717","Google Chrome","keystroke","enter"
"2025-11-01T12:32:10.416562","Google Chrome","click","left"
"2025-11-01T12:32:12.234160","Google Chrome","click","left"
"2025-11-01T12:32:12.531402","Google Chrome","keystroke","cmd"
"2025-11-01T12:32:13.366999","Google Chrome","click","left"
"2025-11-01T12:32:13.666435","Google Chrome","click","left"
"2025-11-01T12:32:13.933220","Google Chrome","click","left"
"2025-11-01T12:32:14.279037","Google Chrome","keystroke","cmd"
"2025-11-01T12:32:14.517826","Google Chrome","keystroke","c"
"2025-11-01T12:32:18.648040","Code","keystroke","backspace"
"2025-11-01T12:32:19.148109","Code","keystroke","backspace"
"2025-11-01T12:32:19.229867","Code","keystroke","backspace"
"2025-11-01T12:32:19.313500","Code","keystroke","backspace"
"2025-11-01T12:32:19.397140","Code","keystroke","backspace"
"2025-11-01T12:32:19.480467","Code","keystroke","backspace"
"2025-11-01T12:32:19.563121","Code","keystroke","backspace"
"2025-11-01T12:32:19.647172","Code","keystroke","backspace"
"2025-11-01T12:32:19.730474","Code","keystroke","backspace"
"2025-11-01T12:32:19.813835","Code","keystroke","backspace"
"2025-11-01T12:32:19.899168","Code","keystroke","backspace"
"2025-11-01T12:32:19.980587","Code","keystroke","backspace"
"2025-11-01T12:32:20.064181","Code","keystroke","backspace"
"2025-11-01T12:32:20.148181","Code","keystroke","backspace"
"2025-11-01T12:32:20.256135","Code","keystroke","backspace"
"2025-11-01T12:32:20.316785","Code","keystroke","backspace"
"2025-11-01T12:32:20.400888","Code","keystroke","backspace"
"2025-11-01T12:32:20.485405","Code","keystroke","backspace"
"2025-11-01T12:32:20.569188","Code","keystroke","backspace"
"2025-11-01T12:32:20.653659","Code","keystroke","backspace"
"2025-11-01T12:32:20.743527","Code","keystroke","backspace"
"2025-11-01T12:32:20.821177","Code","keystroke","backspace"
"2025-11-01T12:32:20.905641","Code","keystroke","backspace"
"2025-11-01T12:32:20.988093","Code","keystroke","backspace"
"2025-11-01T12:32:21.071729","Code","keystroke","backspace"
"2025-11-01T12:32:21.155075","Code","keystroke","backspace"
"2025-11-01T12:32:21.238778","Code","keystroke","backspace"
"2025-11-01T12:32:21.321317","Code","keystroke","backspace"
"2025-11-01T12:32:21.405221","Code","keystroke","backspace"
"2025-11-01T12:32:21.488449","Code","keystroke","backspace"
"2025-11-01T12:32:21.571840","Code","keystroke","backspace"
"2025-11-01T12:32:21.655223","Code","keystroke","backspace"
"2025-11-01T12:32:21.738403","Code","keystroke","backspace"
"2025-11-01T12:32:21.821830","Code","keystroke","backspace"
"2025-11-01T12:32:22.055421","Code","keystroke","backspace"
"2025-11-01T12:32:22.222032","Code","keystroke","backspace"
"2025-11-01T12:32:22.376093","Code","keystroke","backspace"
"2025-11-01T12:32:22.552897","Code","keystroke","backspace"
"2025-11-01T12:32:22.873416","Code","keystroke","shift"
"2025-11-01T12:32:23.141149","Code","keystroke","R"
"2025-11-01T12:32:23.407167","Code","keystroke","a"
"2025-11-01T12:32:23.555907","Code","keystroke","d"
"2025-11-01T12:32:23.697754","Code","keystroke","i"
"2025-11-01T12:32:23.826298","Code","keystroke","c"
"2025-11-01T12:32:23.966906","Code","keystroke","a"
"2025-11-01T12:32:24.059269","Code","keystroke","l"
"2025-11-01T12:32:24.267959","Code","keystroke","space"
"2025-11-01T12:32:24.342421","Code","keystroke","shift"
"2025-11-01T12:32:24.486155","Code","keystroke","M"
"2025-11-01T12:32:24.610099","Code","keystroke","e"
"2025-11-01T12:32:24.808119","Code","keystroke","d"
"2025-11-01T12:32:24.897608","Code","keystroke","i"
"2025-11-01T12:32:25.028990","Code","keystroke","a"
"2025-11-01T12:32:27.666915","Code","click","left"
"2025-11-01T12:32:31.491415","Code","keystroke","cmd"
"2025-11-01T12:32:31.839161","Code","keystroke","v"
"2025-11-01T12:32:33.566711","Code","click","left"
"2025-11-01T12:32:34.266684","Code","click","left"
"2025-11-01T12:32:35.400651","Code","click","left"
"2025-11-01T12:32:35.869319","Code","keystroke","shift"
"2025-11-01T12:32:36.387223","Code","keystroke","["
"2025-11-01T12:32:36.599683","Code","keystroke","shift"
"2025-11-01T12:32:36.899407","Code","keystroke","G"
"2025-11-01T12:32:37.163384","Code","keystroke","r"
"2025-11-01T12:32:37.282227","Code","keystroke","i"
"2025-11-01T12:32:37.506565","Code","keystroke","f"
"2025-11-01T12:32:37.672242","Code","keystroke","f"
"2025-11-01T12:32:37.801753","Code","keystroke","i"
"2025-11-01T12:32:37.997654","Code","keystroke","n"
"2025-11-01T12:32:38.222194","Code","keystroke","space"
"2025-11-01T12:32:40.283632","Code","click","left"
"2025-11-01T12:32:41.303559","Code","keystroke","]"
"2025-11-01T12:32:42.923219","Code","keystroke","shift"
"2025-11-01T12:32:43.390922","Code","keystroke","("
"2025-11-01T12:32:49.650117","Google Chrome","click","left"
"2025-11-01T12:32:53.535048","Google Chrome","click","left"
"2025-11-01T12:32:54.883137","Google Chrome","click","left"
"2025-11-01T12:32:56.149592","Google Chrome","click","left"
"2025-11-01T12:32:57.300209","Google Chrome","click","left"
"2025-11-01T12:32:57.733133","Google Chrome","keystroke","cmd"
"2025-11-01T12:32:58.041048","Google Chrome","keystroke","c"
"2025-11-01T12:33:00.141092","Code","keystroke","cmd"
"2025-11-01T12:33:00.510050","Code","keystroke","v"
"2025-11-01T12:33:01.983513","Code","click","left"
"2025-11-01T12:33:04.066873","Code","click","left"
"2025-11-01T12:33:05.616325","Code","click","left"
"2025-11-01T12:33:06.766523","Code","click","left"
"2025-11-01T12:33:07.865170","Code","keystroke","space"
"2025-11-01T12:33:08.013525","Code","keystroke","shift"
"2025-11-01T12:33:08.225491","Code","keystroke","S"
"2025-11-01T12:33:08.469560","Code","keystroke","e"
"2025-11-01T12:33:08.711916","Code","keystroke","p"
"2025-11-01T12:33:09.005617","Code","keystroke","t"
"2025-11-01T12:33:09.164094","Code","keystroke","e"
"2025-11-01T12:33:09.335108","Code","keystroke","m"
"2025-11-01T12:33:09.558675","Code","keystroke","b"
"2025-11-01T12:33:09.673931","Code","keystroke","e"
"2025-11-01T12:33:09.807177","Code","keystroke","r"
"2025-11-01T12:33:09.935567","Code","keystroke","space"
"2025-11-01T12:33:10.739575","Code","keystroke","2"
"2025-11-01T12:33:10.895455","Code","keystroke","0"
"2025-11-01T12:33:11.066389","Code","keystroke","2"
"2025-11-01T12:33:11.455771","Code","keystroke","5"
"2025-11-01T12:33:12.256104","Code","keystroke",","
"2025-11-01T12:33:13.817189","Code","click","left"
"2025-11-01T12:33:15.416285","Code","click","left"
"2025-11-01T12:33:15.970002","Code","keystroke","cmd"
"2025-11-01T12:33:16.249990","Code","keystroke","s"
"2025-11-01T12:33:17.651479","Code","click","left"
"2025-11-01T12:33:18.817297","Code","keystroke","shift"
"2025-11-01T12:33:19.022362","Code","keystroke","J"
"2025-11-01T12:33:19.229371","Code","keystroke","u"
"2025-11-01T12:33:19.429888","Code","keystroke","l"
"2025-11-01T12:33:19.581748","Code","keystroke","y"
"2025-11-01T12:33:19.718136","Code","keystroke","space"
"2025-11-01T12:33:20.442201","Code","keystroke","2"
"2025-11-01T12:33:20.615783","Code","keystroke","0"
"2025-11-01T12:33:20.760074","Code","keystroke","2"
"2025-11-01T12:33:21.072052","Code","keystroke","4"
"2025-11-01T12:33:21.402507","Code","keystroke",","
"2025-11-01T12:33:21.575265","Code","keystroke","space"
"2025-11-01T12:33:22.747206","Code","keystroke","cmd"
"2025-11-01T12:33:23.078735","Code","keystroke","s"
"2025-11-01T12:33:31.116194","Code","click","left"
"2025-11-01T12:33:33.464890","Code","keystroke","]"
"2025-11-01T12:33:35.333149","Code","click","left"
"2025-11-01T12:33:35.569141","Code","keystroke","["
"2025-11-01T12:33:37.383526","Code","click","left"
"2025-11-01T12:33:37.655116","Code","keystroke","["
"2025-11-01T12:33:39.200054","Code","click","left"
"2025-11-01T12:33:40.412299","Code","keystroke","right"
"2025-11-01T12:33:41.106818","Code","keystroke","]"
"2025-11-01T12:33:42.833129","Code","click","left"
"2025-11-01T12:33:43.581166","Code","keystroke","]"
"2025-11-01T12:33:44.583005","Code","click","left"
"2025-11-01T12:33:45.168048","Code","keystroke","["
"2025-11-01T12:33:46.383363","Code","click","left"
"2025-11-01T12:33:50.066988","Google Chrome","click","left"
"2025-11-01T12:33:50.366150","Google Chrome","click","left"
"2025-11-01T12:33:50.533028","Google Chrome","click","left"
"2025-11-01T12:33:50.699263","Google Chrome","click","left"
"2025-11-01T12:33:51.150509","Google Chrome","click","left"
"2025-11-01T12:33:51.698455","Google Chrome","keystroke","s"
"2025-11-01T12:33:51.881776","Google Chrome","keystroke","e"
"2025-11-01T12:33:52.039806","Google Chrome","keystroke","a"
"2025-11-01T12:33:52.382643","Google Chrome","keystroke","n"
"2025-11-01T12:33:52.501666","Google Chrome","keystroke","space"
"2025-11-01T12:33:52.948079","Google Chrome","keystroke","b"
"2025-11-01T12:33:53.165262","Google Chrome","keystroke","y"
"2025-11-01T12:33:53.382303","Google Chrome","keystroke","r"
"2025-11-01T12:33:53.526449","Google Chrome","keystroke","o"
"2025-11-01T12:33:53.680587","Google Chrome","keystroke","n"
"2025-11-01T12:33:53.770285","Google Chrome","keystroke","space"
"2025-11-01T12:33:54.124285","Google Chrome","keystroke","l"
"2025-11-01T12:33:54.226816","Google Chrome","keystroke","e"
"2025-11-01T12:33:54.347131","Google Chrome","keystroke","o"
"2025-11-01T12:33:54.491820","Google Chrome","keystroke","enter"
"2025-11-01T12:33:59.570140","Google Chrome","click","left"
"2025-11-01T12:33:59.892436","Google Chrome","keystroke","backspace"
"2025-11-01T12:34:00.060317","Google Chrome","keystroke","backspace"
"2025-11-01T12:34:00.209432","Google Chrome","keystroke","backspace"
"2025-11-01T12:34:00.330428","Google Chrome","keystroke","backspace"
"2025-11-01T12:34:00.451838","Google Chrome","keystroke","backspace"
"2025-11-01T12:34:00.584128","Google Chrome","keystroke","backspace"
"2025-11-01T12:34:00.714706","Google Chrome","keystroke","backspace"
"2025-11-01T12:34:00.840443","Google Chrome","keystroke","backspace"
"2025-11-01T12:34:00.964433","Google Chrome","keystroke","backspace"
"2025-11-01T12:34:01.560447","Google Chrome","keystroke","l"
"2025-11-01T12:34:01.738185","Google Chrome","keystroke","e"
"2025-11-01T12:34:01.873521","Google Chrome","keystroke","o"
"2025-11-01T12:34:02.068553","Google Chrome","keystroke","space"
"2025-11-01T12:34:03.331604","Google Chrome","keystroke","c"
"2025-11-01T12:34:03.572038","Google Chrome","keystroke","r"
"2025-11-01T12:34:03.806128","Google Chrome","keystroke","e"
"2025-11-01T12:34:03.892634","Google Chrome","keystroke","a"
"2025-11-01T12:34:04.027479","Google Chrome","keystroke","t"
"2025-11-01T12:34:04.131395","Google Chrome","keystroke","i"
"2025-11-01T12:34:04.233361","Google Chrome","keystroke","v"
"2025-11-01T12:34:04.337502","Google Chrome","keystroke","e"
"2025-11-01T12:34:04.414315","Google Chrome","keystroke","space"
"2025-11-01T12:34:04.587341","Google Chrome","keystroke","t"
"2025-11-01T12:34:04.727637","Google Chrome","keystroke","e"
"2025-11-01T12:34:04.894074","Google Chrome","keystroke","c"
"2025-11-01T12:34:04.937509","Google Chrome","keystroke","h"
"2025-11-01T12:34:05.131438","Google Chrome","keystroke","enter"
"2025-11-01T12:34:06.709957","Google Chrome","click","left"
"2025-11-01T12:34:14.883463","Google Chrome","click","left"
"2025-11-01T12:34:15.966405","Google Chrome","click","left"
"2025-11-01T12:34:27.567201","Google Chrome","click","left"
"2025-11-01T12:34:30.816841","Google Chrome","click","left"
"2025-11-01T12:34:32.450220","Google Chrome","click","left"
"2025-11-01T12:34:32.885616","Google Chrome","keystroke","cmd"
"2025-11-01T12:34:33.209779","Google Chrome","keystroke","c"
"2025-11-01T12:34:36.238508","Code","keystroke","shift"
"2025-11-01T12:34:36.901652","Code","keystroke","("
"2025-11-01T12:34:37.541717","Code","keystroke","cmd"
"2025-11-01T12:34:37.717486","Code","keystroke","v"
"2025-11-01T12:34:38.200944","Code","keystroke","shift"
"2025-11-01T12:34:40.566382","Code","click","left"
"2025-11-01T12:34:43.366522","Google Chrome","click","left"
"2025-11-01T12:34:43.650111","Google Chrome","click","left"
"2025-11-01T12:34:43.816691","Google Chrome","click","left"
"2025-11-01T12:34:44.319415","Google Chrome","keystroke","c"
"2025-11-01T12:34:44.481183","Google Chrome","keystroke","a"
"2025-11-01T12:34:44.621387","Google Chrome","keystroke","m"
"2025-11-01T12:34:44.787238","Google Chrome","keystroke","space"
"2025-11-01T12:34:45.113652","Google Chrome","keystroke","v"
"2025-11-01T12:34:45.251357","Google Chrome","keystroke","o"
"2025-11-01T12:34:45.444154","Google Chrome","keystroke","k"
"2025-11-01T12:34:45.552410","Google Chrome","keystroke","e"
"2025-11-01T12:34:45.732834","Google Chrome","keystroke","y"
"2025-11-01T12:34:45.848214","Google Chrome","keystroke","space"
"2025-11-01T12:34:46.032197","Google Chrome","keystroke","c"
"2025-11-01T12:34:46.323421","Google Chrome","keystroke","backspace"
"2025-11-01T12:34:46.445318","Google Chrome","keystroke","v"
"2025-11-01T12:34:46.578162","Google Chrome","keystroke","a"
"2025-11-01T12:34:46.735320","Google Chrome","keystroke","c"
"2025-11-01T12:34:46.891297","Google Chrome","keystroke","a"
"2025-11-01T12:34:47.112092","Google Chrome","keystroke","t"
"2025-11-01T12:34:47.235997","Google Chrome","keystroke","i"
"2025-11-01T12:34:47.391996","Google Chrome","keystroke","o"
"2025-11-01T12:34:47.548316","Google Chrome","keystroke","n"
"2025-11-01T12:34:47.638626","Google Chrome","keystroke","space"
"2025-11-01T12:34:47.871278","Google Chrome","keystroke","v"
"2025-11-01T12:34:48.186356","Google Chrome","keystroke","a"
"2025-11-01T12:34:48.331554","Google Chrome","keystroke","c"
"2025-11-01T12:34:48.454993","Google Chrome","keystroke","a"
"2025-11-01T12:34:48.632430","Google Chrome","keystroke","t"
"2025-11-01T12:34:48.743714","Google Chrome","keystroke","i"
"2025-11-01T12:34:48.867761","Google Chrome","keystroke","o"
"2025-11-01T12:34:49.051965","Google Chrome","keystroke","n"
"2025-11-01T12:34:49.205352","Google Chrome","keystroke","enter"
"2025-11-01T12:34:50.566094","Google Chrome","click","left"
"2025-11-01T12:34:53.415981","Google Chrome","click","left"
"2025-11-01T12:35:00.732654","Google Chrome","click","left"
"2025-11-01T12:35:02.366577","Google Chrome","click","left"
"2025-11-01T12:35:04.733034","Google Chrome","click","left"
"2025-11-01T12:35:06.966162","Google Chrome","click","left"
"2025-11-01T12:35:07.396758","Google Chrome","keystroke","cmd"
"2025-11-01T12:35:07.739226","Google Chrome","keystroke","c"
"2025-11-01T12:35:10.018917","Code","keystroke","shift"
"2025-11-01T12:35:10.390077","Code","keystroke","("
"2025-11-01T12:35:10.665339","Code","keystroke","cmd"
"2025-11-01T12:35:10.809235","Code","keystroke","v"
"2025-11-01T12:35:12.582692","Code","click","left"
"2025-11-01T12:35:15.000244","Google Chrome","click","left"
"2025-11-01T12:35:15.583288","Google Chrome","click","left"
"2025-11-01T12:35:15.766814","Google Chrome","click","left"
"2025-11-01T12:35:15.933092","Google Chrome","click","left"
"2025-11-01T12:35:16.343510","Google Chrome","keystroke","s"
"2025-11-01T12:35:16.593188","Google Chrome","keystroke","t"
"2025-11-01T12:35:16.759973","Google Chrome","keystroke","u"
"2025-11-01T12:35:16.878027","Google Chrome","keystroke","d"
"2025-11-01T12:35:17.014866","Google Chrome","keystroke","i"
"2025-11-01T12:35:17.166718","Google Chrome","keystroke","o"
"2025-11-01T12:35:17.329535","Google Chrome","keystroke","space"
"2025-11-01T12:35:17.435860","Google Chrome","keystroke","d"
"2025-11-01T12:35:17.571380","Google Chrome","keystroke","a"
"2025-11-01T12:35:17.679230","Google Chrome","keystroke","v"
"2025-11-01T12:35:17.806173","Google Chrome","keystroke","e"
"2025-11-01T12:35:18.083812","Google Chrome","keystroke","space"
"2025-11-01T12:35:18.313494","Google Chrome","keystroke","."
"2025-11-01T12:35:18.529062","Google Chrome","keystroke","i"
"2025-11-01T12:35:18.671274","Google Chrome","keystroke","o"
"2025-11-01T12:35:18.828564","Google Chrome","keystroke","enter"
"2025-11-01T12:35:20.065735","Google Chrome","click","left"
"2025-11-01T12:35:21.832876","Google Chrome","click","left"
"2025-11-01T12:35:22.600561","Google Chrome","click","left"
"2025-11-01T12:35:22.933164","Google Chrome","click","left"
"2025-11-01T12:35:23.132463","Google Chrome","click","left"
"2025-11-01T12:35:23.437760","Google Chrome","keystroke","cmd"
"2025-11-01T12:35:23.682626","Google Chrome","keystroke","c"
"2025-11-01T12:35:25.828053","Code","keystroke","shift"
"2025-11-01T12:35:26.465947","Code","keystroke","("
"2025-11-01T12:35:26.820844","Code","keystroke","cmd"
"2025-11-01T12:35:26.964415","Code","keystroke","v"
"2025-11-01T12:35:27.290569","Code","keystroke","shift"
"2025-11-01T12:35:29.150617","Code","click","left"
"2025-11-01T12:35:30.454176","Code","keystroke","]"
"2025-11-01T12:35:31.715984","Code","click","left"
"2025-11-01T12:35:32.394412","Code","keystroke","right"
"2025-11-01T12:35:32.993138","Code","keystroke","["
"2025-11-01T12:35:34.300086","Code","click","left"
"2025-11-01T12:35:35.107651","Code","keystroke","shift"
"2025-11-01T12:35:35.431739","Code","keystroke","("
"2025-11-01T12:35:37.851407","Google Chrome","click","left"
"2025-11-01T12:35:38.299278","Google Chrome","click","left"
"2025-11-01T12:35:38.466282","Google Chrome","click","left"
"2025-11-01T12:35:38.651810","Google Chrome","click","left"
"2025-11-01T12:35:39.100179","Google Chrome","click","left"
"2025-11-01T12:35:39.660028","Google Chrome","keystroke","t"
"2025-11-01T12:35:39.835418","Google Chrome","keystroke","r"
"2025-11-01T12:35:39.974790","Google Chrome","keystroke","e"
"2025-11-01T12:35:40.141495","Google Chrome","keystroke","v"
"2025-11-01T12:35:40.269112","Google Chrome","keystroke","o"
"2025-11-01T12:35:40.396731","Google Chrome","keystroke","r"
"2025-11-01T12:35:40.530172","Google Chrome","keystroke","space"
"2025-11-01T12:35:40.845415","Google Chrome","keystroke","g"
"2025-11-01T12:35:41.095071","Google Chrome","keystroke","r"
"2025-11-01T12:35:41.259142","Google Chrome","keystroke","o"
"2025-11-01T12:35:41.323419","Google Chrome","keystroke","v"
"2025-11-01T12:35:41.485528","Google Chrome","keystroke","e"
"2025-11-01T12:35:41.610473","Google Chrome","keystroke","enter"
"2025-11-01T12:35:43.515657","Google Chrome","click","left"
"2025-11-01T12:35:52.399370","Google Chrome","click","left"
"2025-11-01T12:35:53.100851","Google Chrome","keystroke","cmd"
"2025-11-01T12:35:53.672801","Google Chrome","keystroke","c"
"2025-11-01T12:35:56.169493","Google Chrome","click","left"
"2025-11-01T12:36:00.314494","Code","keystroke","cmd"
"2025-11-01T12:36:00.573082","Code","keystroke","v"
"2025-11-01T12:36:01.417856","Code","keystroke","cmd"
"2025-11-01T12:36:01.825941","Code","keystroke","s"
"2025-11-01T12:36:03.916427","Code","click","left"
"2025-11-01T12:36:08.851025","Google Chrome","click","left"
"2025-11-01T12:36:09.650079","Google Chrome","click","left"
"2025-11-01T12:36:10.782487","Google Chrome","click","left"
"2025-11-01T12:36:12.599185","Google Chrome","click","left"
"2025-11-01T12:36:13.066083","Google Chrome","click","left"
"2025-11-01T12:36:14.718925","Google Chrome","click","left"
"2025-11-01T12:36:21.133009","Code","click","left"
"2025-11-01T12:36:22.382044","Code","keystroke","cmd"
"2025-11-01T12:36:22.626289","Code","keystroke","x"
"2025-11-01T12:36:24.532696","Code","click","left"
"2025-11-01T12:36:24.877886","Code","keystroke","cmd"
"2025-11-01T12:36:25.286105","Code","keystroke","v"
"2025-11-01T12:36:26.215692","Code","click","left"
"2025-11-01T12:36:26.601324","Code","keystroke","cmd"
"2025-11-01T12:36:26.917310","Code","keystroke","s"
"2025-11-01T12:36:28.657163","Code","click","left"
"2025-11-01T12:36:29.532291","Code","click","left"
"2025-11-01T12:36:34.716049","Code","click","left"
"2025-11-01T12:36:35.239693","Code","keystroke","backspace"
"2025-11-01T12:36:35.421502","Code","keystroke","backspace"
"2025-11-01T12:36:35.531435","Code","keystroke","backspace"
"2025-11-01T12:36:35.648660","Code","keystroke","backspace"
"2025-11-01T12:36:35.747568","Code","keystroke","backspace"
"2025-11-01T12:36:35.878977","Code","keystroke","backspace"
"2025-11-01T12:36:36.007176","Code","keystroke","backspace"
"2025-11-01T12:36:36.136534","Code","keystroke","backspace"
"2025-11-01T12:36:36.270906","Code","keystroke","backspace"
"2025-11-01T12:36:36.707333","Code","keystroke","cmd"
"2025-11-01T12:36:36.935292","Code","keystroke","s"
"2025-11-01T12:36:43.832936","Google Chrome","click","left"
"2025-11-01T12:36:46.432708","Google Chrome","click","left"
"2025-11-01T12:36:47.282347","Google Chrome","click","left"
"2025-11-01T12:36:48.416593","Google Chrome","click","left"
"2025-11-01T12:36:49.199080","Google Chrome","click","left"
"2025-11-01T12:36:51.967671","Google Chrome","click","left"
"2025-11-01T12:36:52.816218","Google Chrome","click","left"
"2025-11-01T12:36:55.133215","Google Chrome","click","left"
"2025-11-01T12:36:55.766349","Google Chrome","click","left"
"2025-11-01T12:36:56.549082","Google Chrome","click","left"
"2025-11-01T12:36:57.048994","Google Chrome","click","left"
"2025-11-01T12:36:58.149135","Google Chrome","click","left"
"2025-11-01T12:37:01.337368","Google Chrome","click","left"
"2025-11-01T12:37:03.732929","Google Chrome","click","left"
"2025-11-01T12:37:04.782734","Google Chrome","click","left"
"2025-11-01T12:37:11.749658","Google Chrome","click","left"
"2025-11-01T12:37:13.099101","Google Chrome","click","left"
"2025-11-01T12:37:13.526121","Google Chrome","keystroke","j"
"2025-11-01T12:37:13.653928","Google Chrome","keystroke","o"
"2025-11-01T12:37:13.802233","Google Chrome","keystroke","h"
"2025-11-01T12:37:13.979393","Google Chrome","keystroke","n"
"2025-11-01T12:37:14.205986","Google Chrome","keystroke","enter"
"2025-11-01T12:37:15.765662","Google Chrome","click","left"
"2025-11-01T12:37:16.466094","Google Chrome","click","left"
"2025-11-01T12:37:17.166048","Google Chrome","click","left"
"2025-11-01T12:37:19.132669","Google Chrome","click","left"
"2025-11-01T12:37:21.301636","Google Chrome","click","left"
"2025-11-01T12:37:25.457836","Google Chrome","keystroke","shift"
"2025-11-01T12:37:25.466457","Google Chrome","keystroke","cmd"
"2025-11-01T12:37:26.042916","Google Chrome","keystroke","5"
"2025-11-01T12:37:27.099375","Google Chrome","click","left"
"2025-11-01T12:37:29.415543","Google Chrome","click","left"
"2025-11-01T12:37:32.815950","Google Chrome","click","left"
"2025-11-01T12:37:37.235013","Google Chrome","keystroke","shift"
"2025-11-01T12:37:37.246073","Google Chrome","keystroke","cmd"
"2025-11-01T12:37:37.624808","Google Chrome","keystroke","5"
"2025-11-01T12:37:42.281902","Google Chrome","keystroke","esc"
"2025-11-01T12:37:43.761329","Google Chrome","keystroke","shift"
"2025-11-01T12:37:43.781095","Google Chrome","keystroke","cmd"
"2025-11-01T12:37:44.148051","Google Chrome","keystroke","5"
"2025-11-01T12:37:45.315916","Google Chrome","click","left"
"2025-11-01T12:37:48.182732","Google Chrome","click","left"
"2025-11-01T12:37:49.949538","Google Chrome","click","left"
"2025-11-01T12:37:57.882659","Google Chrome","click","left"
"2025-11-01T12:37:58.341555","Google Chrome","click","right"
"2025-11-01T12:37:59.565338","Google Chrome","click","left"
"2025-11-01T12:38:00.900060","Google Chrome","click","right"
"2025-11-01T12:38:03.298310","Google Chrome","click","left"
"2025-11-01T12:38:05.535981","Google Chrome","keystroke","shift"
"2025-11-01T12:38:05.559368","Google Chrome","keystroke","cmd"
"2025-11-01T12:38:06.094934","Google Chrome","keystroke","5"
"2025-11-01T12:38:09.465594","Google Chrome","click","left"
"2025-11-01T12:38:13.665052","Google Chrome","click","left"
"2025-11-01T12:38:17.482497","Google Chrome","click","left"
"2025-11-01T12:38:23.635805","Google Chrome","keystroke","shift"
"2025-11-01T12:38:23.669049","Google Chrome","keystroke","cmd"
"2025-11-01T12:38:24.086394","Google Chrome","keystroke","5"
"2025-11-01T12:38:24.948491","Google Chrome","click","left"
"2025-11-01T12:38:29.132347","Google Chrome","click","left"
"2025-11-01T12:38:31.248732","Google Chrome","click","left"
"2025-11-01T12:38:34.334462","Google Chrome","keystroke","cmd"
"2025-11-01T12:38:34.390119","Google Chrome","keystroke","shift"
"2025-11-01T12:38:34.709407","Google Chrome","keystroke","5"
"2025-11-01T12:38:36.348323","Google Chrome","click","left"
"2025-11-01T12:38:39.031544","Google Chrome","click","left"
"2025-11-01T12:38:41.498920","Google Chrome","click","left"
"2025-11-01T12:38:46.784885","Google Chrome","keystroke","shift"
"2025-11-01T12:38:46.810033","Google Chrome","keystroke","cmd"
"2025-11-01T12:38:47.151141","Google Chrome","keystroke","5"
"2025-11-01T12:38:48.682095","Google Chrome","click","left"
"2025-11-01T12:38:51.281926","Google Chrome","click","left"
"2025-11-01T12:38:55.482194","Google Chrome","click","left"
"2025-11-01T12:39:02.400221","Terminal","click","left"
"2025-11-01T12:39:03.285298","Finder","click","right"
"2025-11-01T12:39:05.098508","Finder","click","left"
"2025-11-01T12:39:06.515828","Finder","click","left"
"2025-11-01T12:39:07.531719","Finder","click","left"
"2025-11-01T12:39:08.248564","Finder","click","left"
"2025-11-01T12:39:08.514807","Finder","keystroke","space"
"2025-11-01T12:39:09.218153","Finder","keystroke","space"
"2025-11-01T12:39:09.957471","Finder","keystroke","enter"
"2025-11-01T12:39:10.642412","Finder","keystroke","b"
"2025-11-01T12:39:10.747793","Finder","keystroke","l"
"2025-11-01T12:39:10.951166","Finder","keystroke","u"
"2025-11-01T12:39:11.124101","Finder","keystroke","e"
"2025-11-01T12:39:11.404350","Finder","keystroke","backspace"
"2025-11-01T12:39:11.549413","Finder","keystroke","backspace"
"2025-11-01T12:39:11.675932","Finder","keystroke","backspace"
"2025-11-01T12:39:12.392765","Finder","keystroke","p"
"2025-11-01T12:39:12.644038","Finder","keystroke","-"
"2025-11-01T12:39:13.462755","Finder","keystroke","t"
"2025-11-01T12:39:13.606412","Finder","keystroke","i"
"2025-11-01T12:39:13.796303","Finder","keystroke","c"
"2025-11-01T12:39:13.915779","Finder","keystroke","k"
"2025-11-01T12:39:14.015697","Finder","keystroke","e"
"2025-11-01T12:39:14.191275","Finder","keystroke","r"
"2025-11-01T12:39:14.331956","Finder","keystroke","s"
"2025-11-01T12:39:14.737031","Finder","keystroke","enter"
"2025-11-01T12:39:15.748981","Finder","click","left"
"2025-11-01T12:39:15.995949","Finder","keystroke","space"
"2025-11-01T12:39:16.422641","Finder","keystroke","space"
"2025-11-01T12:39:16.666950","Finder","keystroke","enter"
"2025-11-01T12:39:17.344160","Finder","keystroke","b"
"2025-11-01T12:39:17.642185","Finder","keystroke","p"
"2025-11-01T12:39:17.888860","Finder","keystroke","-"
"2025-11-01T12:39:18.418247","Finder","keystroke","u"
"2025-11-01T12:39:18.802749","Finder","keystroke","w"
"2025-11-01T12:39:19.015991","Finder","keystroke","a"
"2025-11-01T12:39:19.162137","Finder","keystroke","l"
"2025-11-01T12:39:19.282430","Finder","keystroke","l"
"2025-11-01T12:39:19.423857","Finder","keystroke","enter"
"2025-11-01T12:39:20.348608","Finder","click","left"
"2025-11-01T12:39:20.521321","Finder","keystroke","space"
"2025-11-01T12:39:21.419491","Finder","keystroke","space"
"2025-11-01T12:39:21.697679","Finder","keystroke","enter"
"2025-11-01T12:39:22.240311","Finder","keystroke","b"
"2025-11-01T12:39:22.522787","Finder","keystroke","p"
"2025-11-01T12:39:22.926855","Finder","keystroke","-"
"2025-11-01T12:39:23.273860","Finder","keystroke","r"
"2025-11-01T12:39:23.677948","Finder","keystroke","0"
"2025-11-01T12:39:24.381591","Finder","keystroke","5"
"2025-11-01T12:39:24.956996","Finder","keystroke","enter"
"2025-11-01T12:39:27.494896","Finder","keystroke","enter"
"2025-11-01T12:39:28.732074","Finder","click","left"
"2025-11-01T12:39:29.284251","Finder","keystroke","enter"
"2025-11-01T12:39:29.771509","Finder","keystroke","enter"
"2025-11-01T12:39:30.130994","Finder","keystroke","space"
"2025-11-01T12:39:30.781049","Finder","keystroke","space"
"2025-11-01T12:39:30.970956","Finder","keystroke","enter"
"2025-11-01T12:39:32.160833","Finder","keystroke","b"
"2025-11-01T12:39:32.711989","Finder","keystroke","p"
"2025-11-01T12:39:32.938003","Finder","keystroke","-"
"2025-11-01T12:39:33.868145","Finder","keystroke","u"
"2025-11-01T12:39:34.158686","Finder","keystroke","w"
"2025-11-01T12:39:34.345176","Finder","keystroke","a"
"2025-11-01T12:39:34.471067","Finder","keystroke","l"
"2025-11-01T12:39:34.615381","Finder","keystroke","l"
"2025-11-01T12:39:35.419580","Finder","keystroke","2"
"2025-11-01T12:39:36.028816","Finder","keystroke","enter"
"2025-11-01T12:39:37.115317","Finder","click","left"
"2025-11-01T12:39:37.549603","Finder","keystroke","enter"
"2025-11-01T12:39:38.576972","Finder","keystroke","right"
"2025-11-01T12:39:38.851875","Finder","keystroke","1"
"2025-11-01T12:39:39.108665","Finder","keystroke","enter"
"2025-11-01T12:39:39.965470","Finder","click","left"
"2025-11-01T12:39:40.366342","Finder","keystroke","space"
"2025-11-01T12:39:40.873004","Finder","keystroke","space"
"2025-11-01T12:39:41.234269","Finder","keystroke","enter"
"2025-11-01T12:39:41.928522","Finder","keystroke","b"
"2025-11-01T12:39:42.514282","Finder","keystroke","p"
"2025-11-01T12:39:42.775397","Finder","keystroke","-"
"2025-11-01T12:39:43.588319","Finder","keystroke","r"
"2025-11-01T12:39:43.756471","Finder","keystroke","m"
"2025-11-01T12:39:44.166182","Finder","keystroke","backspace"
"2025-11-01T12:39:45.049192","Finder","keystroke","0"
"2025-11-01T12:39:45.260450","Finder","keystroke","1"
"2025-11-01T12:39:46.337353","Finder","keystroke","a"
"2025-11-01T12:39:46.731494","Finder","keystroke","enter"
"2025-11-01T12:39:47.531629","Finder","click","left"
"2025-11-01T12:39:47.800237","Finder","keystroke","space"
"2025-11-01T12:39:48.333341","Finder","keystroke","space"
"2025-11-01T12:39:48.694048","Finder","keystroke","enter"
"2025-11-01T12:39:49.480315","Finder","keystroke","b"
"2025-11-01T12:39:49.738532","Finder","keystroke","p"
"2025-11-01T12:39:50.067232","Finder","keystroke","-"
"2025-11-01T12:39:50.658364","Finder","keystroke","r"
"2025-11-01T12:39:51.138436","Finder","keystroke","0"
"2025-11-01T12:39:51.498509","Finder","keystroke","1"
"2025-11-01T12:39:52.582489","Finder","keystroke","b"
"2025-11-01T12:39:53.373840","Finder","keystroke","enter"
"2025-11-01T12:39:54.781611","Finder","click","left"
"2025-11-01T12:39:56.498474","Finder","click","left"
"2025-11-01T12:39:57.124645","Finder","keystroke","enter"
"2025-11-01T12:39:57.725714","Finder","keystroke","right"
"2025-11-01T12:39:57.990779","Finder","keystroke","backspace"
"2025-11-01T12:39:58.629390","Finder","keystroke","-"
"2025-11-01T12:39:58.949736","Finder","keystroke","h"
"2025-11-01T12:39:59.174289","Finder","keystroke","e"
"2025-11-01T12:39:59.346538","Finder","keystroke","r"
"2025-11-01T12:39:59.760269","Finder","keystroke","o"
"2025-11-01T12:40:00.055165","Finder","keystroke","shift_r"
"2025-11-01T12:40:00.706966","Finder","keystroke","up"
"2025-11-01T12:40:01.487492","Finder","keystroke","enter"
"2025-11-01T12:40:01.925932","Finder","keystroke","up"
"2025-11-01T12:40:02.427297","Finder","keystroke","enter"
"2025-11-01T12:40:03.628269","Finder","keystroke","right"
"2025-11-01T12:40:04.041463","Finder","keystroke","\"
"2025-11-01T12:40:04.044164","Finder","keystroke","backspace"
"2025-11-01T12:40:04.392010","Finder","keystroke","backspace"
"2025-11-01T12:40:05.154389","Finder","keystroke","-"
"2025-11-01T12:40:06.881827","Finder","keystroke","c"
"2025-11-01T12:40:07.006144","Finder","keystroke","o"
"2025-11-01T12:40:07.147485","Finder","keystroke","r"
"2025-11-01T12:40:07.300126","Finder","keystroke","a"
"2025-11-01T12:40:07.429798","Finder","keystroke","l"
"2025-11-01T12:40:08.256651","Finder","keystroke","backspace"
"2025-11-01T12:40:08.409132","Finder","keystroke","backspace"
"2025-11-01T12:40:08.533476","Finder","keystroke","backspace"
"2025-11-01T12:40:08.658417","Finder","keystroke","backspace"
"2025-11-01T12:40:08.791192","Finder","keystroke","backspace"
"2025-11-01T12:40:09.373426","Finder","keystroke","2"
"2025-11-01T12:40:09.622977","Finder","keystroke","enter"
"2025-11-01T12:40:12.129885","Finder","keystroke","\"
"2025-11-01T12:41:44.800263","Finder","click","left"
"2025-11-01T12:41:46.486624","Finder","keystroke","shift_r"
"2025-11-01T12:41:46.850609","Finder","click","left"
"2025-11-01T12:41:50.869899","Finder","click","left"
"2025-11-01T12:41:52.181604","Finder","click","left"
"2025-11-01T12:41:52.765050","Finder","click","left"
"2025-11-01T12:41:53.631734","Finder","click","left"
"2025-11-01T12:41:54.566113","Finder","click","left"
"2025-11-01T12:41:57.382280","Finder","click","left"
"2025-11-01T12:41:58.932049","Finder","click","left"
"2025-11-01T12:42:01.114869","Finder","click","left"
"2025-11-01T12:42:01.799669","Finder","click","left"
"2025-11-01T12:42:06.348803","Code","click","left"
"2025-11-01T12:42:07.369207","Code","keystroke","b"
"2025-11-01T12:42:08.026120","Code","keystroke","p"
"2025-11-01T12:42:08.344356","Code","keystroke","-"
"2025-11-01T12:42:10.415400","Code","click","left"
"2025-11-01T12:42:11.281918","Code","click","left"
"2025-11-01T12:42:12.951889","Code","keystroke","."
"2025-11-01T12:42:13.386756","Code","keystroke","j"
"2025-11-01T12:42:13.605694","Code","keystroke","p"
"2025-11-01T12:42:13.881477","Code","keystroke","g"
"2025-11-01T12:42:14.915038","Code","click","left"
"2025-11-01T12:42:15.148282","Code","click","left"
"2025-11-01T12:42:15.331670","Code","click","left"
"2025-11-01T12:42:16.025794","Code","keystroke","."
"2025-11-01T12:42:16.426890","Code","keystroke","p"
"2025-11-01T12:42:16.665070","Code","keystroke","n"
"2025-11-01T12:42:16.883975","Code","keystroke","g"
"2025-11-01T12:42:18.448741","Code","click","left"
"2025-11-01T12:42:19.031695","Code","click","left"
"2025-11-01T12:42:19.514935","Code","click","left"
"2025-11-01T12:42:19.965649","Code","click","left"
"2025-11-01T12:42:20.581919","Code","click","left"
"2025-11-01T12:42:25.448546","Code","click","left"
"2025-11-01T12:42:27.353289","Code","keystroke","b"
"2025-11-01T12:42:27.684657","Code","keystroke","p"
"2025-11-01T12:42:28.288443","Code","keystroke","right"
"2025-11-01T12:42:28.498109","Code","keystroke","right"
"2025-11-01T12:42:28.745404","Code","keystroke","backspace"
"2025-11-01T12:42:29.498865","Code","keystroke","r"
"2025-11-01T12:42:29.955332","Code","keystroke","0"
"2025-11-01T12:42:31.066539","Code","keystroke","5"
"2025-11-01T12:42:33.698424","Code","click","left"
"2025-11-01T12:42:35.118331","Code","keystroke","cmd"
"2025-11-01T12:42:35.313368","Code","keystroke","c"
"2025-11-01T12:42:36.815630","Code","click","left"
"2025-11-01T12:42:38.315446","Code","keystroke","cmd"
"2025-11-01T12:42:38.530689","Code","keystroke","v"
"2025-11-01T12:42:39.206788","Code","keystroke","backspace"
"2025-11-01T12:42:42.253772","Code","keystroke","backspace"
"2025-11-01T12:42:43.448372","Code","keystroke","backspace"
"2025-11-01T12:42:43.758601","Code","keystroke","u"
"2025-11-01T12:42:44.182337","Code","keystroke","w"
"2025-11-01T12:42:44.391256","Code","keystroke","a"
"2025-11-01T12:42:44.715624","Code","keystroke","l"
"2025-11-01T12:42:44.902417","Code","keystroke","l"
"2025-11-01T12:42:45.891190","Code","keystroke","2"
"2025-11-01T12:43:03.415992","Code","click","left"
"2025-11-01T12:43:04.704435","Code","keystroke","cmd"
"2025-11-01T12:43:04.868061","Code","keystroke","c"
"2025-11-01T12:43:06.215207","Code","click","left"
"2025-11-01T12:43:07.916448","Code","keystroke","cmd"
"2025-11-01T12:43:08.076206","Code","keystroke","v"
"2025-11-01T12:43:08.536096","Code","keystroke","backspace"
"2025-11-01T12:43:09.200652","Code","keystroke","1"
"2025-11-01T12:43:10.681989","Code","click","left"
"2025-11-01T12:43:12.044974","Code","keystroke","cmd"
"2025-11-01T12:43:12.280808","Code","keystroke","v"
"2025-11-01T12:43:13.998447","Code","click","left"
"2025-11-01T12:43:14.808445","Code","keystroke","r"
"2025-11-01T12:43:15.788538","Code","keystroke","0"
"2025-11-01T12:43:16.511576","Code","keystroke","1"
"2025-11-01T12:43:16.968720","Code","keystroke","-"
"2025-11-01T12:43:18.665405","Code","click","left"
"2025-11-01T12:43:21.451916","Code","keystroke","cmd"
"2025-11-01T12:43:21.663571","Code","keystroke","v"
"2025-11-01T12:43:22.527570","Code","keystroke","backspace"
"2025-11-01T12:43:22.723602","Code","keystroke","backspace"
"2025-11-01T12:43:22.935707","Code","keystroke","backspace"
"2025-11-01T12:43:23.117757","Code","keystroke","backspace"
"2025-11-01T12:43:23.285356","Code","keystroke","backspace"
"2025-11-01T12:43:23.707657","Code","keystroke","backspace"
"2025-11-01T12:43:24.388528","Code","keystroke","r"
"2025-11-01T12:43:24.942617","Code","keystroke","0"
"2025-11-01T12:43:26.716009","Code","keystroke","backspace"
"2025-11-01T12:43:26.925995","Code","keystroke","backspace"
"2025-11-01T12:43:27.501077","Code","keystroke","t"
"2025-11-01T12:43:27.723140","Code","keystroke","i"
"2025-11-01T12:43:27.961813","Code","keystroke","c"
"2025-11-01T12:43:28.253382","Code","keystroke","k"
"2025-11-01T12:43:28.594639","Code","keystroke","e"
"2025-11-01T12:43:28.741567","Code","keystroke","r"
"2025-11-01T12:43:28.938159","Code","keystroke","s"
"2025-11-01T12:43:29.449622","Code","keystroke","cmd"
"2025-11-01T12:43:29.714785","Code","keystroke","s"
"2025-11-01T12:43:32.749950","Google Chrome","click","left"
"2025-11-01T12:44:01.598647","Code","click","left"
"2025-11-01T12:44:03.272235","Code","keystroke","cmd"
"2025-11-01T12:44:03.884232","Code","keystroke","x"
"2025-11-01T12:44:05.765349","Code","click","left"
"2025-11-01T12:44:06.170886","Code","keystroke","enter"
"2025-11-01T12:44:06.352342","Code","keystroke","enter"
"2025-11-01T12:44:06.930183","Code","keystroke","up"
"2025-11-01T12:44:07.801206","Code","keystroke","cmd"
"2025-11-01T12:44:08.041902","Code","keystroke","v"
"2025-11-01T12:44:08.908122","Code","keystroke","cmd"
"2025-11-01T12:44:09.142833","Code","keystroke","s"
"2025-11-01T12:44:21.201023","Code","keystroke","cmd"
"2025-11-01T12:44:21.488971","Code","keystroke","z"
"2025-11-01T12:44:22.088436","Code","keystroke","z"
"2025-11-01T12:44:22.600501","Code","keystroke","z"
"2025-11-01T12:44:23.147792","Code","keystroke","z"
"2025-11-01T12:44:24.566809","Code","keystroke","cmd"
"2025-11-01T12:44:24.746212","Code","keystroke","x"
"2025-11-01T12:44:25.441875","Code","keystroke","backspace"
"2025-11-01T12:44:26.837266","Code","keystroke","backspace"
"2025-11-01T12:44:27.339761","Code","keystroke","up"
"2025-11-01T12:44:27.577640","Code","keystroke","up"
"2025-11-01T12:44:27.851500","Code","keystroke","up"
"2025-11-01T12:44:28.226777","Code","keystroke","enter"
"2025-11-01T12:44:28.431479","Code","keystroke","enter"
"2025-11-01T12:44:28.653435","Code","keystroke","up"
"2025-11-01T12:44:29.363807","Code","keystroke","cmd"
"2025-11-01T12:44:29.527726","Code","keystroke","v"
"2025-11-01T12:44:30.310633","Code","keystroke","cmd"
"2025-11-01T12:44:30.570417","Code","keystroke","s"
"2025-11-01T12:44:37.226995","Code","keystroke","cmd"
"2025-11-01T12:44:37.506685","Code","keystroke","z"
"2025-11-01T12:44:37.932361","Code","keystroke","z"
"2025-11-01T12:44:38.264288","Code","keystroke","z"
"2025-11-01T12:44:38.588478","Code","keystroke","z"
"2025-11-01T12:44:38.991614","Code","keystroke","z"
"2025-11-01T12:44:39.347858","Code","keystroke","z"
"2025-11-01T12:44:40.100667","Code","keystroke","cmd"
"2025-11-01T12:44:40.411045","Code","keystroke","s"
"2025-11-01T12:44:42.132797","Google Chrome","click","left"
"2025-11-01T12:44:51.348192","Code","click","left"
"2025-11-01T12:44:52.481441","Code","click","left"
"2025-11-01T12:44:52.948322","Code","click","left"
"2025-11-01T12:44:54.237580","Code","keystroke","cmd"
"2025-11-01T12:44:54.404608","Code","keystroke","c"
"2025-11-01T12:44:55.076893","Code","keystroke","down"
"2025-11-01T12:44:55.301022","Code","keystroke","down"
"2025-11-01T12:44:55.480524","Code","keystroke","down"
"2025-11-01T12:44:55.653880","Code","keystroke","down"
"2025-11-01T12:44:55.834541","Code","keystroke","down"
"2025-11-01T12:44:56.017325","Code","keystroke","down"
"2025-11-01T12:44:56.221583","Code","keystroke","down"
"2025-11-01T12:44:56.445828","Code","keystroke","down"
"2025-11-01T12:44:57.190880","Code","keystroke","enter"
"2025-11-01T12:44:57.370723","Code","keystroke","enter"
"2025-11-01T12:44:57.774316","Code","keystroke","up"
"2025-11-01T12:44:58.347837","Code","keystroke","cmd"
"2025-11-01T12:44:58.515773","Code","keystroke","v"
"2025-11-01T12:45:01.748703","Code","click","left"
"2025-11-01T12:45:03.114058","Code","keystroke","cmd"
"2025-11-01T12:45:03.292133","Code","keystroke","x"
"2025-11-01T12:45:04.199630","Code","keystroke","backspace"
"2025-11-01T12:45:05.698470","Code","click","left"
"2025-11-01T12:45:12.065258","Code","click","left"
"2025-11-01T12:45:13.882152","Code","click","left"
"2025-11-01T12:45:14.948304","Code","click","left"
"2025-11-01T12:45:15.404500","Code","keystroke","enter"
"2025-11-01T12:45:15.582726","Code","keystroke","enter"
"2025-11-01T12:45:16.091364","Code","keystroke","cmd"
"2025-11-01T12:45:16.294860","Code","keystroke","v"
"2025-11-01T12:45:17.582049","Code","click","left"
"2025-11-01T12:45:18.484629","Code","keystroke","cmd"
"2025-11-01T12:45:18.672233","Code","keystroke","c"
"2025-11-01T12:45:19.498494","Code","click","left"
"2025-11-01T12:45:19.868269","Code","keystroke","enter"
"2025-11-01T12:45:20.024091","Code","keystroke","enter"
"2025-11-01T12:45:20.485865","Code","keystroke","cmd"
"2025-11-01T12:45:20.649505","Code","keystroke","v"
"2025-11-01T12:45:21.183085","Code","keystroke","cmd"
"2025-11-01T12:45:21.395450","Code","keystroke","s"
"2025-11-01T12:45:37.715563","Code","click","left"
"2025-11-01T12:45:40.980836","Code","keystroke","cmd"
"2025-11-01T12:45:41.130832","Code","keystroke","x"
"2025-11-01T12:45:41.576003","Code","keystroke","backspace"
"2025-11-01T12:45:42.077633","Code","keystroke","backspace"
"2025-11-01T12:45:42.160764","Code","keystroke","backspace"
"2025-11-01T12:45:42.245105","Code","keystroke","backspace"
"2025-11-01T12:45:42.329330","Code","keystroke","backspace"
"2025-11-01T12:45:42.411873","Code","keystroke","backspace"
"2025-11-01T12:45:42.495927","Code","keystroke","backspace"
"2025-11-01T12:45:42.579227","Code","keystroke","backspace"
"2025-11-01T12:45:42.663373","Code","keystroke","backspace"
"2025-11-01T12:45:42.746813","Code","keystroke","backspace"
"2025-11-01T12:45:42.829323","Code","keystroke","backspace"
"2025-11-01T12:45:42.912199","Code","keystroke","backspace"
"2025-11-01T12:45:42.995264","Code","keystroke","backspace"
"2025-11-01T12:45:43.078231","Code","keystroke","backspace"
"2025-11-01T12:45:43.162452","Code","keystroke","backspace"
"2025-11-01T12:45:43.245677","Code","keystroke","backspace"
"2025-11-01T12:45:43.330137","Code","keystroke","backspace"
"2025-11-01T12:45:43.412231","Code","keystroke","backspace"
"2025-11-01T12:45:43.495447","Code","keystroke","backspace"
"2025-11-01T12:45:43.578764","Code","keystroke","backspace"
"2025-11-01T12:45:43.663620","Code","keystroke","backspace"
"2025-11-01T12:45:43.846903","Code","keystroke","backspace"
"2025-11-01T12:45:43.982025","Code","keystroke","backspace"
"2025-11-01T12:45:44.122142","Code","keystroke","backspace"
"2025-11-01T12:45:44.446466","Code","keystroke","backspace"
"2025-11-01T12:45:45.044091","Code","keystroke","up"
"2025-11-01T12:45:45.514517","Code","keystroke","down"
"2025-11-01T12:45:45.772838","Code","keystroke","down"
"2025-11-01T12:45:45.952801","Code","keystroke","down"
"2025-11-01T12:45:46.472757","Code","keystroke","up"
"2025-11-01T12:45:46.765597","Code","keystroke","backspace"
"2025-11-01T12:45:51.098899","Code","click","left"
"2025-11-01T12:45:51.448712","Code","keystroke","enter"
"2025-11-01T12:45:51.621427","Code","keystroke","enter"
"2025-11-01T12:45:52.079287","Code","keystroke","cmd"
"2025-11-01T12:45:52.254627","Code","keystroke","v"
"2025-11-01T12:46:02.598765","Google Chrome","click","left"
"2025-11-01T12:46:04.498362","Google Chrome","click","left"
"2025-11-01T12:46:06.688911","Google Chrome","click","left"
"2025-11-01T12:46:07.481445","Google Chrome","click","left"
"2025-11-01T12:46:07.936145","Google Chrome","click","left"
"2025-11-01T12:46:08.115436","Google Chrome","click","left"
"2025-11-01T12:46:08.281685","Google Chrome","click","left"
"2025-11-01T12:46:08.698337","Google Chrome","click","left"
"2025-11-01T12:46:09.579415","Google Chrome","keystroke","cmd"
"2025-11-01T12:46:09.800623","Google Chrome","keystroke","c"
"2025-11-01T12:46:13.915834","Code","click","left"
"2025-11-01T12:46:16.722902","Code","keystroke","cmd"
"2025-11-01T12:46:16.935422","Code","keystroke","v"
"2025-11-01T12:46:18.357399","Code","keystroke","cmd"
"2025-11-01T12:46:18.689012","Code","keystroke","s"
"2025-11-01T12:46:21.365511","Google Chrome","click","left"
"2025-11-01T12:46:24.582804","Google Chrome","click","left"
"2025-11-01T12:46:31.565407","Code","click","left"
"2025-11-01T12:46:33.348190","Code","click","left"
"2025-11-01T12:46:34.408311","Code","keystroke","right"
"2025-11-01T12:46:37.614968","Code","click","left"
"2025-11-01T12:46:38.545127","Code","keystroke","right"
"2025-11-01T12:46:39.170042","Code","keystroke","left"
"2025-11-01T12:46:43.582169","Code","click","left"
"2025-11-01T12:46:44.088111","Code","keystroke","backspace"
"2025-11-01T12:46:44.924476","Code","keystroke","cmd"
"2025-11-01T12:46:45.138795","Code","keystroke","s"
"2025-11-01T12:46:52.715150","Google Chrome","click","left"
"2025-11-01T12:47:02.598963","Google Chrome","click","left"
"2025-11-01T12:47:03.631292","Google Chrome","click","left"
"2025-11-01T12:47:04.664979","Google Chrome","click","left"
"2025-11-01T12:47:05.731662","Google Chrome","click","left"
"2025-11-01T12:47:06.682752","Google Chrome","click","left"
"2025-11-01T12:47:08.679835","Google Chrome","click","right"
"2025-11-01T12:47:10.298587","Google Chrome","click","left"
"2025-11-01T12:47:13.536161","Google Chrome","click","left"
"2025-11-01T12:47:15.715335","Google Chrome","click","left"
"2025-11-01T12:47:16.865642","Google Chrome","click","left"
"2025-11-01T12:47:17.798348","Google Chrome","click","left"
"2025-11-01T12:47:18.548265","Google Chrome","click","left"
"2025-11-01T12:47:19.497914","Google Chrome","click","left"
"2025-11-01T12:47:24.849108","Google Chrome","click","left"
"2025-11-01T12:47:25.681629","Google Chrome","click","left"
"2025-11-01T12:47:26.160257","Google Chrome","keystroke","backspace"
"2025-11-01T12:47:26.700973","Google Chrome","keystroke","3"
"2025-11-01T12:47:27.410807","Google Chrome","keystroke","enter"
"2025-11-01T12:47:31.849865","Google Chrome","click","left"
"2025-11-01T12:47:47.965726","Google Chrome","click","left"
"2025-11-01T12:47:56.399339","Google Chrome","click","left"
"2025-11-01T12:47:58.131933","Google Chrome","click","left"
"2025-11-01T12:47:59.531491","Google Chrome","click","left"
"2025-11-01T12:48:03.648847","Code","click","left"
"2025-11-01T12:48:04.154608","Code","keystroke","backspace"
"2025-11-01T12:48:04.333601","Code","keystroke","backspace"
"2025-11-01T12:48:04.503326","Code","keystroke","backspace"
"2025-11-01T12:48:04.680690","Code","keystroke","backspace"
"2025-11-01T12:48:05.313893","Code","keystroke","2"
"2025-11-01T12:48:05.865515","Code","keystroke","cmd"
"2025-11-01T12:48:06.081570","Code","keystroke","s"
"2025-11-01T12:48:16.116030","Code","click","left"
"2025-11-01T12:48:18.901052","Code","keystroke","shift"
"2025-11-01T12:48:19.396133","Code","keystroke","C"
"2025-11-01T12:48:19.837402","Code","keystroke","u"
"2025-11-01T12:48:20.109390","Code","keystroke","r"
"2025-11-01T12:48:20.459392","Code","keystroke","v"
"2025-11-01T12:48:20.770102","Code","keystroke","e"
"2025-11-01T12:48:21.044449","Code","keystroke","d"
"2025-11-01T12:48:21.268915","Code","keystroke","space"
"2025-11-01T12:48:21.994291","Code","keystroke","shift"
"2025-11-01T12:48:22.713641","Code","keystroke","L"
"2025-11-01T12:48:23.126211","Code","keystroke","E"
"2025-11-01T12:48:23.336864","Code","keystroke","D"
"2025-11-01T12:48:23.787946","Code","keystroke","space"
"2025-11-01T12:48:24.491424","Code","keystroke","f"
"2025-11-01T12:48:24.834394","Code","keystroke","l"
"2025-11-01T12:48:25.040246","Code","keystroke","o"
"2025-11-01T12:48:25.202200","Code","keystroke","o"
"2025-11-01T12:48:25.461668","Code","keystroke","r"
"2025-11-01T12:48:25.573066","Code","keystroke","space"
"2025-11-01T12:48:26.224286","Code","keystroke","shift_r"
"2025-11-01T12:48:26.556317","Code","keystroke","+"
"2025-11-01T12:48:26.811631","Code","keystroke","space"
"2025-11-01T12:48:27.232263","Code","keystroke","c"
"2025-11-01T12:48:27.473091","Code","keystroke","e"
"2025-11-01T12:48:27.826744","Code","keystroke","i"
"2025-11-01T12:48:28.063134","Code","keystroke","l"
"2025-11-01T12:48:28.304302","Code","keystroke","i"
"2025-11-01T12:48:28.484567","Code","keystroke","n"
"2025-11-01T12:48:28.697664","Code","keystroke","g"
"2025-11-01T12:48:28.853228","Code","keystroke","space"
"2025-11-01T12:48:29.114755","Code","keystroke","backspace"
"2025-11-01T12:48:33.168930","Code","keystroke","space"
"2025-11-01T12:48:35.080281","Code","keystroke","backspace"
"2025-11-01T12:48:35.656984","Code","keystroke","space"
"2025-11-01T12:48:36.037906","Code","keystroke","r"
"2025-11-01T12:48:36.345892","Code","keystroke","u"
"2025-11-01T12:48:36.581204","Code","keystroke","n"
"2025-11-01T12:48:36.755896","Code","keystroke","n"
"2025-11-01T12:48:36.934224","Code","keystroke","i"
"2025-11-01T12:48:37.096679","Code","keystroke","n"
"2025-11-01T12:48:37.304807","Code","keystroke","g"
"2025-11-01T12:48:37.420500","Code","keystroke","space"
"2025-11-01T12:48:38.072792","Code","keystroke","shift_r"
"2025-11-01T12:48:39.365068","Code","keystroke","T"
"2025-11-01T12:48:39.748238","Code","keystroke","o"
"2025-11-01T12:48:39.919576","Code","keystroke","u"
"2025-11-01T12:48:40.220154","Code","keystroke","c"
"2025-11-01T12:48:40.424916","Code","keystroke","h"
"2025-11-01T12:48:40.728062","Code","keystroke","backspace"
"2025-11-01T12:48:40.882989","Code","keystroke","backspace"
"2025-11-01T12:48:41.005524","Code","keystroke","backspace"
"2025-11-01T12:48:41.125471","Code","keystroke","backspace"
"2025-11-01T12:48:41.242135","Code","keystroke","backspace"
"2025-11-01T12:48:41.357414","Code","keystroke","backspace"
"2025-11-01T12:48:41.508090","Code","keystroke","backspace"
"2025-11-01T12:48:41.635790","Code","keystroke","backspace"
"2025-11-01T12:48:41.762962","Code","keystroke","backspace"
"2025-11-01T12:48:41.890620","Code","keystroke","backspace"
"2025-11-01T12:48:42.020701","Code","keystroke","backspace"
"2025-11-01T12:48:42.152886","Code","keystroke","backspace"
"2025-11-01T12:48:42.308794","Code","keystroke","backspace"
"2025-11-01T12:48:42.848713","Code","keystroke","w"
"2025-11-01T12:48:43.209081","Code","keystroke","i"
"2025-11-01T12:48:43.418676","Code","keystroke","t"
"2025-11-01T12:48:43.630990","Code","keystroke","h"
"2025-11-01T12:48:43.801800","Code","keystroke","space"
"2025-11-01T12:48:44.353669","Code","keystroke","i"
"2025-11-01T12:48:44.543652","Code","keystroke","n"
"2025-11-01T12:48:44.887230","Code","keystroke","t"
"2025-11-01T12:48:45.146781","Code","keystroke","e"
"2025-11-01T12:48:45.306883","Code","keystroke","r"
"2025-11-01T12:48:45.587588","Code","keystroke","a"
"2025-11-01T12:48:45.840176","Code","keystroke","c"
"2025-11-01T12:48:46.029806","Code","keystroke","t"
"2025-11-01T12:48:46.368963","Code","keystroke","i"
"2025-11-01T12:48:46.599230","Code","keystroke","v"
"2025-11-01T12:48:46.864042","Code","keystroke","e"
"2025-11-01T12:48:46.989480","Code","keystroke","space"
"2025-11-01T12:48:47.212802","Code","keystroke","s"
"2025-11-01T12:48:47.382277","Code","keystroke","e"
"2025-11-01T12:48:47.738237","Code","keystroke","n"
"2025-11-01T12:48:48.141797","Code","keystroke","s"
"2025-11-01T12:48:48.564777","Code","keystroke","o"
"2025-11-01T12:48:48.790767","Code","keystroke","r"
"2025-11-01T12:48:49.001130","Code","keystroke","s"
"2025-11-01T12:48:49.644167","Code","keystroke","cmd"
"2025-11-01T12:48:49.850430","Code","keystroke","s"
"2025-11-01T12:49:00.563743","Code","keystroke","space"
"2025-11-01T12:49:03.536584","Code","keystroke","shift_r"
"2025-11-01T12:49:04.200612","Code","keystroke","+"
"2025-11-01T12:49:05.179594","Code","keystroke","space"
"2025-11-01T12:49:05.550693","Code","keystroke","m"
"2025-11-01T12:49:05.752399","Code","keystroke","i"
"2025-11-01T12:49:06.046656","Code","keystroke","r"
"2025-11-01T12:49:06.365577","Code","keystroke","r"
"2025-11-01T12:49:06.710570","Code","keystroke","o"
"2025-11-01T12:49:07.147360","Code","keystroke","r"
"2025-11-01T12:49:07.670975","Code","keystroke","e"
"2025-11-01T12:49:07.929844","Code","keystroke","d"
"2025-11-01T12:49:08.646306","Code","keystroke","space"
"2025-11-01T12:49:09.331312","Code","keystroke","w"
"2025-11-01T12:49:09.505200","Code","keystroke","a"
"2025-11-01T12:49:09.865088","Code","keystroke","l"
"2025-11-01T12:49:10.044327","Code","keystroke","l"
"2025-11-01T12:49:10.219644","Code","keystroke","s"
"2025-11-01T12:49:10.583546","Code","keystroke","space"
"2025-11-01T12:49:10.870766","Code","keystroke","cmd"
"2025-11-01T12:49:11.527384","Code","keystroke","backspace"
"2025-11-01T12:49:11.942443","Code","keystroke","cmd"
"2025-11-01T12:49:12.102202","Code","keystroke","s"
"2025-11-01T12:49:16.003478","Code","keystroke","backspace"
"2025-11-01T12:49:16.504258","Code","keystroke","backspace"
"2025-11-01T12:49:16.587071","Code","keystroke","backspace"
"2025-11-01T12:49:16.670730","Code","keystroke","backspace"
"2025-11-01T12:49:16.754153","Code","keystroke","backspace"
"2025-11-01T12:49:16.837135","Code","keystroke","backspace"
"2025-11-01T12:49:16.920210","Code","keystroke","backspace"
"2025-11-01T12:49:17.003379","Code","keystroke","backspace"
"2025-11-01T12:49:17.087084","Code","keystroke","backspace"
"2025-11-01T12:49:17.170427","Code","keystroke","backspace"
"2025-11-01T12:49:17.253508","Code","keystroke","backspace"
"2025-11-01T12:49:17.336901","Code","keystroke","backspace"
"2025-11-01T12:49:17.420056","Code","keystroke","backspace"
"2025-11-01T12:49:17.503738","Code","keystroke","backspace"
"2025-11-01T12:49:17.681541","Code","keystroke","backspace"
"2025-11-01T12:49:17.826554","Code","keystroke","backspace"
"2025-11-01T12:49:17.957036","Code","keystroke","backspace"
"2025-11-01T12:49:18.513649","Code","keystroke","cmd"
"2025-11-01T12:49:18.818181","Code","keystroke","s"
"2025-11-01T12:49:20.332055","Code","click","left"
"2025-11-01T12:49:20.951026","Code","keystroke","space"
"2025-11-01T12:49:21.196331","Code","keystroke","m"
"2025-11-01T12:49:21.344001","Code","keystroke","o"
"2025-11-01T12:49:21.598622","Code","keystroke","t"
"2025-11-01T12:49:21.849395","Code","keystroke","i"
"2025-11-01T12:49:22.047621","Code","keystroke","o"
"2025-11-01T12:49:22.219788","Code","keystroke","n"
"2025-11-01T12:49:22.352733","Code","keystroke","space"
"2025-11-01T12:49:22.946683","Code","keystroke","r"
"2025-11-01T12:49:23.583657","Code","keystroke","backspace"
"2025-11-01T12:49:23.863366","Code","keystroke","t"
"2025-11-01T12:49:24.058923","Code","keystroke","r"
"2025-11-01T12:49:24.286964","Code","keystroke","a"
"2025-11-01T12:49:24.579483","Code","keystroke","c"
"2025-11-01T12:49:24.881726","Code","keystroke","k"
"2025-11-01T12:49:25.056910","Code","keystroke","i"
"2025-11-01T12:49:25.224750","Code","keystroke","n"
"2025-11-01T12:49:25.434659","Code","keystroke","g"
"2025-11-01T12:49:26.146407","Code","keystroke","cmd"
"2025-11-01T12:49:26.352791","Code","keystroke","s"
"2025-11-01T12:49:34.616035","Code","click","left"
"2025-11-01T12:49:37.098445","Code","click","left"
"2025-11-01T12:49:40.253972","Code","keystroke","space"
"2025-11-01T12:49:41.151542","Code","keystroke","w"
"2025-11-01T12:49:41.298302","Code","keystroke","i"
"2025-11-01T12:49:41.427553","Code","keystroke","t"
"2025-11-01T12:49:41.597254","Code","keystroke","h"
"2025-11-01T12:49:41.741872","Code","keystroke","space"
"2025-11-01T12:49:41.933593","Code","keystroke","shift"
"2025-11-01T12:49:42.217049","Code","keystroke","t"
"2025-11-01T12:49:42.388534","Code","keystroke","o"
"2025-11-01T12:49:42.570229","Code","keystroke","u"
"2025-11-01T12:49:43.249971","Code","keystroke","backspace"
"2025-11-01T12:49:43.751903","Code","keystroke","backspace"
"2025-11-01T12:49:43.835951","Code","keystroke","backspace"
"2025-11-01T12:49:43.919255","Code","keystroke","backspace"
"2025-11-01T12:49:44.003534","Code","keystroke","backspace"
"2025-11-01T12:49:44.087257","Code","keystroke","backspace"
"2025-11-01T12:49:44.170672","Code","keystroke","backspace"
"2025-11-01T12:49:44.253520","Code","keystroke","backspace"
"2025-11-01T12:49:44.337243","Code","keystroke","backspace"
"2025-11-01T12:49:48.981747","Code","click","left"
"2025-11-01T12:49:49.863457","Code","keystroke","c"
"2025-11-01T12:49:50.031786","Code","keystroke","o"
"2025-11-01T12:49:50.240109","Code","keystroke","n"
"2025-11-01T12:49:50.400322","Code","keystroke","t"
"2025-11-01T12:49:50.540701","Code","keystroke","e"
"2025-11-01T12:49:50.690420","Code","keystroke","n"
"2025-11-01T12:49:50.793154","Code","keystroke","t"
"2025-11-01T12:49:50.933059","Code","keystroke","space"
"2025-11-01T12:49:52.065308","Code","click","left"
"2025-11-01T12:49:52.404380","Code","keystroke","space"
"2025-11-01T12:49:53.534647","Code","keystroke","shift"
"2025-11-01T12:49:54.154421","Code","keystroke","T"
"2025-11-01T12:49:54.431174","Code","keystroke","o"
"2025-11-01T12:49:54.847286","Code","keystroke","y"
"2025-11-01T12:49:55.580118","Code","keystroke","backspace"
"2025-11-01T12:49:55.805342","Code","keystroke","backspace"
"2025-11-01T12:49:56.051822","Code","keystroke","backspace"
"2025-11-01T12:49:56.698236","Code","keystroke","backspace"
"2025-11-01T12:49:58.281592","Code","click","left"
"2025-11-01T12:50:00.260556","Code","keystroke","shift"
"2025-11-01T12:50:00.704538","Code","keystroke","V"
"2025-11-01T12:50:00.845261","Code","keystroke","i"
"2025-11-01T12:50:01.010579","Code","keystroke","d"
"2025-11-01T12:50:01.259695","Code","keystroke","e"
"2025-11-01T12:50:01.348599","Code","keystroke","o"
"2025-11-01T12:50:01.550321","Code","keystroke","space"
"2025-11-01T12:50:01.988337","Code","keystroke","shift"
"2025-11-01T12:50:02.176088","Code","keystroke","E"
"2025-11-01T12:50:02.409398","Code","keystroke","n"
"2025-11-01T12:50:02.641812","Code","keystroke","g"
"2025-11-01T12:50:02.778646","Code","keystroke","i"
"2025-11-01T12:50:02.928516","Code","keystroke","n"
"2025-11-01T12:50:03.080988","Code","keystroke","e"
"2025-11-01T12:50:03.247818","Code","keystroke","e"
"2025-11-01T12:50:03.386567","Code","keystroke","r"
"2025-11-01T12:50:03.523039","Code","keystroke","i"
"2025-11-01T12:50:03.683532","Code","keystroke","n"
"2025-11-01T12:50:03.791002","Code","keystroke","g"
"2025-11-01T12:50:03.917109","Code","keystroke","space"
"2025-11-01T12:50:04.213345","Code","keystroke","backspace"
"2025-11-01T12:50:05.815806","Code","click","left"
"2025-11-01T12:50:06.184549","Code","keystroke","space"
"2025-11-01T12:50:07.084229","Code","keystroke","backspace"
"2025-11-01T12:50:09.481601","Code","click","left"
"2025-11-01T12:50:10.798247","Code","click","left"
"2025-11-01T12:50:12.610629","Code","keystroke","shift"
"2025-11-01T12:50:13.115281","Code","keystroke","S"
"2025-11-01T12:50:13.308187","Code","keystroke","k"
"2025-11-01T12:50:13.862106","Code","keystroke","backspace"
"2025-11-01T12:50:14.282685","Code","keystroke","backspace"
"2025-11-01T12:50:14.520210","Code","keystroke","shift"
"2025-11-01T12:50:14.763617","Code","keystroke","T"
"2025-11-01T12:50:15.319394","Code","keystroke","e"
"2025-11-01T12:50:15.557575","Code","keystroke","v"
"2025-11-01T12:50:15.688538","Code","keystroke","h"
"2025-11-01T12:50:16.015419","Code","keystroke","backspace"
"2025-11-01T12:50:16.176937","Code","keystroke","c"
"2025-11-01T12:50:16.314447","Code","keystroke","h"
"2025-11-01T12:50:16.562053","Code","keystroke","backspace"
"2025-11-01T12:50:16.731519","Code","keystroke","backspace"
"2025-11-01T12:50:16.881927","Code","keystroke","backspace"
"2025-11-01T12:50:17.011329","Code","keystroke","c"
"2025-11-01T12:50:17.119608","Code","keystroke","h"
"2025-11-01T12:50:17.340333","Code","keystroke","space"
"2025-11-01T12:50:17.579569","Code","keystroke","shift"
"2025-11-01T12:50:17.887481","Code","keystroke","+"
"2025-11-01T12:50:18.323105","Code","keystroke","space"
"2025-11-01T12:50:18.532155","Code","keystroke","shift"
"2025-11-01T12:50:18.848350","Code","keystroke","S"
"2025-11-01T12:50:19.076267","Code","keystroke","k"
"2025-11-01T12:50:19.250931","Code","keystroke","i"
"2025-11-01T12:50:19.487465","Code","keystroke","l"
"2025-11-01T12:50:19.656878","Code","keystroke","l"
"2025-11-01T12:50:20.732067","Code","click","left"
"2025-11-01T12:50:21.448581","Code","click","left"
"2025-11-01T12:50:24.856682","Code","keystroke","shift"
"2025-11-01T12:50:25.312710","Code","keystroke","M"
"2025-11-01T12:50:26.037123","Code","keystroke","a"
"2025-11-01T12:50:26.266108","Code","keystroke","t"
"2025-11-01T12:50:26.674093","Code","keystroke","c"
"2025-11-01T12:50:26.804921","Code","keystroke","h"
"2025-11-01T12:50:27.015873","Code","keystroke","space"
"2025-11-01T12:50:27.182256","Code","keystroke","t"
"2025-11-01T12:50:27.385995","Code","keystroke","h"
"2025-11-01T12:50:27.705301","Code","keystroke","backspace"
"2025-11-01T12:50:27.846853","Code","keystroke","backspace"
"2025-11-01T12:50:28.020831","Code","keystroke","backspace"
"2025-11-01T12:50:28.450906","Code","keystroke","-"
"2025-11-01T12:50:28.777116","Code","keystroke","t"
"2025-11-01T12:50:28.875298","Code","keystroke","h"
"2025-11-01T12:50:29.029688","Code","keystroke","e"
"2025-11-01T12:50:29.358356","Code","keystroke","-"
"2025-11-01T12:50:29.705526","Code","keystroke","c"
"2025-11-01T12:50:29.854605","Code","keystroke","o"
"2025-11-01T12:50:30.076241","Code","keystroke","m"
"2025-11-01T12:50:30.262172","Code","keystroke","p"
"2025-11-01T12:50:30.447902","Code","keystroke","space"
"2025-11-01T12:50:31.585164","Code","keystroke","shift"
"2025-11-01T12:50:32.575763","Code","keystroke","shift"
"2025-11-01T12:50:32.771650","Code","keystroke","F"
"2025-11-01T12:50:33.011789","Code","keystroke","i"
"2025-11-01T12:50:33.105689","Code","keystroke","g"
"2025-11-01T12:50:33.312308","Code","keystroke","m"
"2025-11-01T12:50:33.503585","Code","keystroke","a"
"2025-11-01T12:50:33.660537","Code","keystroke","space"
"2025-11-01T12:50:34.254499","Code","keystroke","-"
"2025-11-01T12:50:34.419924","Code","keystroke","shift"
"2025-11-01T12:50:36.330523","Code","keystroke",">"
"2025-11-01T12:50:36.551503","Code","keystroke","space"
"2025-11-01T12:50:36.919222","Code","keystroke","shift"
"2025-11-01T12:50:37.208686","Code","keystroke","A"
"2025-11-01T12:50:37.576241","Code","keystroke","f"
"2025-11-01T12:50:38.006589","Code","keystroke","t"
"2025-11-01T12:50:38.183320","Code","keystroke","e"
"2025-11-01T12:50:38.350804","Code","keystroke","r"
"2025-11-01T12:50:38.521547","Code","keystroke","space"
"2025-11-01T12:50:38.743945","Code","keystroke","shift"
"2025-11-01T12:50:38.975648","Code","keystroke","E"
"2025-11-01T12:50:39.258190","Code","keystroke","f"
"2025-11-01T12:50:39.434660","Code","keystroke","f"
"2025-11-01T12:50:39.579596","Code","keystroke","e"
"2025-11-01T12:50:39.797068","Code","keystroke","c"
"2025-11-01T12:50:40.013159","Code","keystroke","t"
"2025-11-01T12:50:40.224515","Code","keystroke","s"
"2025-11-01T12:50:40.393983","Code","keystroke","space"
"2025-11-01T12:50:40.860615","Code","keystroke","-"
"2025-11-01T12:50:40.993694","Code","keystroke","shift"
"2025-11-01T12:50:41.489879","Code","keystroke",">"
"2025-11-01T12:50:41.732227","Code","keystroke","space"
"2025-11-01T12:50:41.932819","Code","keystroke","shift"
"2025-11-01T12:50:42.413000","Code","keystroke","T"
"2025-11-01T12:50:42.674457","Code","keystroke","o"
"2025-11-01T12:50:42.867930","Code","keystroke","u"
"2025-11-01T12:50:43.034755","Code","keystroke","c"
"2025-11-01T12:50:43.134630","Code","keystroke","h"
"2025-11-01T12:50:43.387783","Code","keystroke","shift"
"2025-11-01T12:50:43.559957","Code","keystroke","D"
"2025-11-01T12:50:43.871971","Code","keystroke","e"
"2025-11-01T12:50:44.152057","Code","keystroke","s"
"2025-11-01T12:50:44.293850","Code","keystroke","i"
"2025-11-01T12:50:44.396901","Code","keystroke","g"
"2025-11-01T12:50:44.550807","Code","keystroke","n"
"2025-11-01T12:50:44.658869","Code","keystroke","e"
"2025-11-01T12:50:44.845223","Code","keystroke","r"
"2025-11-01T12:50:46.332183","Code","click","left"
"2025-11-01T12:50:47.115116","Code","click","left"
"2025-11-01T12:50:48.249466","Code","click","left"
"2025-11-01T12:50:48.984856","Code","keystroke","'"
"2025-11-01T12:50:50.315305","Code","click","left"
"2025-11-01T12:50:51.163663","Code","keystroke","left"
"2025-11-01T12:50:51.594797","Code","keystroke","'"
"2025-11-01T12:50:52.665077","Code","click","left"
"2025-11-01T12:50:53.982258","Code","click","left"
"2025-11-01T12:50:54.848638","Code","click","left"
"2025-11-01T12:50:55.864936","Code","click","left"
"2025-11-01T12:50:56.963393","Code","keystroke","space"
"2025-11-01T12:50:58.139485","Code","keystroke","shift"
"2025-11-01T12:50:58.324273","Code","keystroke","+"
"2025-11-01T12:50:58.825204","Code","keystroke","space"
"2025-11-01T12:50:59.453252","Code","keystroke","backspace"
"2025-11-01T12:50:59.619003","Code","keystroke","backspace"
"2025-11-01T12:50:59.780134","Code","keystroke","backspace"
"2025-11-01T12:51:00.396306","Code","keystroke",","
"2025-11-01T12:51:00.526116","Code","keystroke","space"
"2025-11-01T12:51:00.780307","Code","keystroke","p"
"2025-11-01T12:51:00.962911","Code","keystroke","i"
"2025-11-01T12:51:01.193354","Code","keystroke","x"
"2025-11-01T12:51:01.405960","Code","keystroke","e"
"2025-11-01T12:51:01.531748","Code","keystroke","l"
"2025-11-01T12:51:01.746316","Code","keystroke","space"
"2025-11-01T12:51:01.928570","Code","keystroke","m"
"2025-11-01T12:51:02.074590","Code","keystroke","a"
"2025-11-01T12:51:02.186534","Code","keystroke","p"
"2025-11-01T12:51:02.372397","Code","keystroke","p"
"2025-11-01T12:51:02.535099","Code","keystroke","i"
"2025-11-01T12:51:02.709665","Code","keystroke","n"
"2025-11-01T12:51:02.812291","Code","keystroke","g"
"2025-11-01T12:51:02.991397","Code","keystroke",","
"2025-11-01T12:51:03.194245","Code","keystroke","space"
"2025-11-01T12:51:04.184547","Code","keystroke","p"
"2025-11-01T12:51:04.332906","Code","keystroke","r"
"2025-11-01T12:51:04.475562","Code","keystroke","e"
"2025-11-01T12:51:04.897069","Code","keystroke","o"
"2025-11-01T12:51:05.830573","Code","keystroke","backspace"
"2025-11-01T12:51:05.983197","Code","keystroke","backspace"
"2025-11-01T12:51:06.469552","Code","keystroke","o"
"2025-11-01T12:51:06.682412","Code","keystroke","j"
"2025-11-01T12:51:06.811135","Code","keystroke","e"
"2025-11-01T12:51:07.005332","Code","keystroke","c"
"2025-11-01T12:51:07.302069","Code","keystroke","t"
"2025-11-01T12:51:07.403292","Code","keystroke","i"
"2025-11-01T12:51:07.586475","Code","keystroke","o"
"2025-11-01T12:51:07.747119","Code","keystroke","n"
"2025-11-01T12:51:07.954108","Code","keystroke","space"
"2025-11-01T12:51:08.392198","Code","keystroke","m"
"2025-11-01T12:51:08.558536","Code","keystroke","a"
"2025-11-01T12:51:08.701167","Code","keystroke","p"
"2025-11-01T12:51:08.869535","Code","keystroke","p"
"2025-11-01T12:51:09.060322","Code","keystroke","i"
"2025-11-01T12:51:09.385721","Code","keystroke","n"
"2025-11-01T12:51:09.476083","Code","keystroke","g"
"2025-11-01T12:51:09.703382","Code","keystroke","space"
"2025-11-01T12:51:10.028743","Code","keystroke","backspace"
"2025-11-01T12:51:11.098818","Code","click","left"
"2025-11-01T12:51:13.309649","Code","keystroke","cmd"
"2025-11-01T12:51:14.821877","Code","keystroke","enter"
"2025-11-01T12:51:15.780153","Code","keystroke","-"
"2025-11-01T12:51:16.035244","Code","keystroke","space"
"2025-11-01T12:51:16.281897","Code","keystroke","shift"
"2025-11-01T12:51:16.625831","Code","keystroke","S"
"2025-11-01T12:51:16.791601","Code","keystroke","h"
"2025-11-01T12:51:16.969917","Code","keystroke","o"
"2025-11-01T12:51:17.100753","Code","keystroke","w"
"2025-11-01T12:51:17.214435","Code","keystroke","space"
"2025-11-01T12:51:17.530615","Code","keystroke","c"
"2025-11-01T12:51:17.657985","Code","keystroke","o"
"2025-11-01T12:51:17.837960","Code","keystroke","n"
"2025-11-01T12:51:17.930142","Code","keystroke","t"
"2025-11-01T12:51:18.152441","Code","keystroke","r"
"2025-11-01T12:51:18.213604","Code","keystroke","o"
"2025-11-01T12:51:18.434016","Code","keystroke","l"
"2025-11-01T12:51:18.551996","Code","keystroke","space"
"2025-11-01T12:51:19.394211","Code","keystroke","shift"
"2025-11-01T12:51:19.604933","Code","keystroke","+"
"2025-11-01T12:51:19.874522","Code","keystroke","space"
"2025-11-01T12:51:20.391261","Code","keystroke","shift"
"2025-11-01T12:51:20.556342","Code","keystroke","B"
"2025-11-01T12:51:21.337466","Code","keystroke","shift"
"2025-11-01T12:51:21.445268","Code","keystroke","O"
"2025-11-01T12:51:21.688517","Code","keystroke","H"
"2025-11-01T12:51:21.884556","Code","keystroke","space"
"2025-11-01T12:51:22.690407","Code","keystroke","backspace"
"2025-11-01T12:51:22.844374","Code","keystroke","backspace"
"2025-11-01T12:51:22.982918","Code","keystroke","backspace"
"2025-11-01T12:51:24.835784","Code","keystroke","a"
"2025-11-01T12:51:25.027950","Code","keystroke","c"
"2025-11-01T12:51:25.454480","Code","keystroke","k"
"2025-11-01T12:51:26.273901","Code","keystroke","-"
"2025-11-01T12:51:26.578279","Code","keystroke","o"
"2025-11-01T12:51:26.801463","Code","keystroke","f"
"2025-11-01T12:51:27.129761","Code","keystroke","-"
"2025-11-01T12:51:27.501594","Code","keystroke","h"
"2025-11-01T12:51:27.672835","Code","keystroke","o"
"2025-11-01T12:51:27.808661","Code","keystroke","u"
"2025-11-01T12:51:27.974900","Code","keystroke","s"
"2025-11-01T12:51:28.202321","Code","keystroke","e"
"2025-11-01T12:51:28.367535","Code","keystroke","space"
"2025-11-01T12:51:28.731894","Code","keystroke","shift"
"2025-11-01T12:51:29.041347","Code","keystroke","G"
"2025-11-01T12:51:29.208710","Code","keystroke","U"
"2025-11-01T12:51:29.396883","Code","keystroke","I"
"2025-11-01T12:51:29.593248","Code","keystroke","space"
"2025-11-01T12:51:33.094010","Code","keystroke","backspace"
"2025-11-01T12:51:33.934150","Code","keystroke","s"
"2025-11-01T12:51:35.349055","Code","click","left"
"2025-11-01T12:51:36.098414","Code","click","left"
"2025-11-01T12:51:37.248733","Code","click","left"
"2025-11-01T12:51:38.129010","Code","keystroke","space"
"2025-11-01T12:51:38.463756","Code","keystroke","f"
"2025-11-01T12:51:38.559645","Code","keystroke","o"
"2025-11-01T12:51:38.695108","Code","keystroke","r"
"2025-11-01T12:51:38.823190","Code","keystroke","space"
"2025-11-01T12:51:39.045088","Code","keystroke","m"
"2025-11-01T12:51:39.238028","Code","keystroke","o"
"2025-11-01T12:51:39.390622","Code","keystroke","n"
"2025-11-01T12:51:39.544159","Code","keystroke","i"
"2025-11-01T12:51:39.705614","Code","keystroke","t"
"2025-11-01T12:51:39.897055","Code","keystroke","o"
"2025-11-01T12:51:40.282507","Code","keystroke","r"
"2025-11-01T12:51:40.409784","Code","keystroke","i"
"2025-11-01T12:51:40.610049","Code","keystroke","n"
"2025-11-01T12:51:40.722442","Code","keystroke","g"
"2025-11-01T12:51:40.865803","Code","keystroke","space"
"2025-11-01T12:51:41.082399","Code","keystroke","backspace"
"2025-11-01T12:51:41.494712","Code","keystroke","enter"
"2025-11-01T12:51:41.927888","Code","keystroke","shift"
"2025-11-01T12:51:42.361634","Code","keystroke","-"
"2025-11-01T12:51:42.572778","Code","keystroke","shift"
"2025-11-01T12:51:42.596556","Code","keystroke","space"
"2025-11-01T12:51:42.869124","Code","keystroke","R"
"2025-11-01T12:51:43.069986","Code","keystroke","e"
"2025-11-01T12:51:43.279682","Code","keystroke","a"
"2025-11-01T12:51:43.359260","Code","keystroke","l"
"2025-11-01T12:51:43.647102","Code","keystroke","-"
"2025-11-01T12:51:43.833052","Code","keystroke","t"
"2025-11-01T12:51:43.964399","Code","keystroke","i"
"2025-11-01T12:51:44.158726","Code","keystroke","m"
"2025-11-01T12:51:44.264358","Code","keystroke","e"
"2025-11-01T12:51:44.380391","Code","keystroke","space"
"2025-11-01T12:51:44.994621","Code","keystroke","n"
"2025-11-01T12:51:45.222999","Code","keystroke","o"
"2025-11-01T12:51:45.370633","Code","keystroke","t"
"2025-11-01T12:51:45.509549","Code","keystroke","i"
"2025-11-01T12:51:45.700799","Code","keystroke","f"
"2025-11-01T12:51:45.836251","Code","keystroke","i"
"2025-11-01T12:51:45.987623","Code","keystroke","c"
"2025-11-01T12:51:46.192814","Code","keystroke","a"
"2025-11-01T12:51:46.354453","Code","keystroke","t"
"2025-11-01T12:51:46.462222","Code","keystroke","i"
"2025-11-01T12:51:46.637850","Code","keystroke","o"
"2025-11-01T12:51:46.820867","Code","keystroke","n"
"2025-11-01T12:51:47.021797","Code","keystroke","space"
"2025-11-01T12:51:47.759813","Code","keystroke","s"
"2025-11-01T12:51:48.074577","Code","keystroke","y"
"2025-11-01T12:51:48.186818","Code","keystroke","s"
"2025-11-01T12:51:48.360290","Code","keystroke","t"
"2025-11-01T12:51:48.492596","Code","keystroke","e"
"2025-11-01T12:51:48.613357","Code","keystroke","m"
"2025-11-01T12:51:48.772587","Code","keystroke","space"
"2025-11-01T12:51:49.965341","Code","click","left"
"2025-11-01T12:51:50.461616","Code","keystroke","d"
"2025-11-01T12:51:50.636552","Code","keystroke","e"
"2025-11-01T12:51:50.842387","Code","keystroke","v"
"2025-11-01T12:51:51.046299","Code","keystroke","i"
"2025-11-01T12:51:51.203582","Code","keystroke","c"
"2025-11-01T12:51:51.391687","Code","keystroke","e"
"2025-11-01T12:51:51.882156","Code","keystroke","space"
"2025-11-01T12:51:52.498702","Code","click","left"
"2025-11-01T12:51:52.850002","Code","keystroke","backspace"
"2025-11-01T12:51:53.932158","Code","click","left"
"2025-11-01T12:51:54.319444","Code","keystroke","s"
"2025-11-01T12:51:54.561241","Code","keystroke","t"
"2025-11-01T12:51:54.731930","Code","keystroke","a"
"2025-11-01T12:51:54.851437","Code","keystroke","t"
"2025-11-01T12:51:54.963357","Code","keystroke","u"
"2025-11-01T12:51:55.098456","Code","keystroke","s"
"2025-11-01T12:51:55.227330","Code","keystroke","space"
"2025-11-01T12:51:56.160888","Code","keystroke","cmd"
"2025-11-01T12:51:56.460309","Code","keystroke","s"
"2025-11-01T12:52:02.666140","Code","click","left"
"2025-11-01T12:52:03.094482","Code","keystroke","space"
"2025-11-01T12:52:03.578526","Code","keystroke","shift"
"2025-11-01T12:52:03.786825","Code","keystroke","("
"2025-11-01T12:52:04.316134","Code","keystroke","shift"
"2025-11-01T12:52:05.044694","Code","keystroke","T"
"2025-11-01T12:52:05.371741","Code","keystroke","o"
"2025-11-01T12:52:05.560551","Code","keystroke","u"
"2025-11-01T12:52:05.723552","Code","keystroke","c"
"2025-11-01T12:52:05.860408","Code","keystroke","h"
"2025-11-01T12:52:06.185761","Code","keystroke","shift"
"2025-11-01T12:52:06.349487","Code","keystroke","D"
"2025-11-01T12:52:06.565080","Code","keystroke","e"
"2025-11-01T12:52:06.751309","Code","keystroke","s"
"2025-11-01T12:52:06.871981","Code","keystroke","i"
"2025-11-01T12:52:07.058553","Code","keystroke","g"
"2025-11-01T12:52:07.140538","Code","keystroke","n"
"2025-11-01T12:52:07.293646","Code","keystroke","e"
"2025-11-01T12:52:07.448933","Code","keystroke","r"
"2025-11-01T12:52:07.750332","Code","keystroke","shift"
"2025-11-01T12:52:08.708936","Code","keystroke","cmd"
"2025-11-01T12:52:08.924276","Code","keystroke","s"
"2025-11-01T12:52:15.815427","Code","click","left"
"2025-11-01T12:52:16.243292","Code","keystroke","backspace"
"2025-11-01T12:52:16.421511","Code","keystroke","backspace"
"2025-11-01T12:52:16.565061","Code","keystroke","backspace"
"2025-11-01T12:52:16.679736","Code","keystroke","backspace"
"2025-11-01T12:52:16.806171","Code","keystroke","backspace"
"2025-11-01T12:52:16.882825","Code","keystroke","backspace"
"2025-11-01T12:52:17.048221","Code","keystroke","backspace"
"2025-11-01T12:52:17.171892","Code","keystroke","backspace"
"2025-11-01T12:52:17.299890","Code","keystroke","backspace"
"2025-11-01T12:52:17.430153","Code","keystroke","backspace"
"2025-11-01T12:52:17.560018","Code","keystroke","backspace"
"2025-11-01T12:52:17.703978","Code","keystroke","backspace"
"2025-11-01T12:52:17.840279","Code","keystroke","backspace"
"2025-11-01T12:52:18.106401","Code","keystroke","backspace"
"2025-11-01T12:52:18.354079","Code","keystroke","backspace"
"2025-11-01T12:52:18.942319","Code","keystroke","cmd"
"2025-11-01T12:52:19.130302","Code","keystroke","s"
"2025-11-01T12:52:35.999374","Code","click","left"
"2025-11-01T12:52:36.232166","Code","click","left"
"2025-11-01T12:52:36.398812","Code","click","left"
"2025-11-01T12:52:36.648598","Code","click","left"
"2025-11-01T12:52:37.382422","Code","click","left"
"2025-11-01T12:52:38.015620","Code","click","left"
"2025-11-01T12:52:38.832376","Code","click","left"
"2025-11-01T12:52:39.065462","Code","click","left"
"2025-11-01T12:52:39.265836","Code","click","left"
"2025-11-01T12:52:40.103237","Code","keystroke","cmd"
"2025-11-01T12:52:40.326737","Code","keystroke","x"
"2025-11-01T12:52:41.398374","Code","click","left"
"2025-11-01T12:52:44.864688","Code","keystroke","cmd"
"2025-11-01T12:52:45.812725","Code","keystroke","s"
"2025-11-01T12:52:47.198837","Code","click","left"
"2025-11-01T12:52:47.992264","Code","keystroke","shift"
"2025-11-01T12:52:48.251641","Code","keystroke","F"
"2025-11-01T12:52:48.928717","Code","keystroke","i"
"2025-11-01T12:52:49.228034","Code","keystroke","g"
"2025-11-01T12:52:49.836656","Code","keystroke","m"
"2025-11-01T12:52:50.166580","Code","keystroke","a"
"2025-11-01T12:52:50.302693","Code","keystroke","space"
"2025-11-01T12:52:51.050619","Code","keystroke","-"
"2025-11-01T12:52:51.263357","Code","keystroke","space"
"2025-11-01T12:52:52.008816","Code","keystroke","backspace"
"2025-11-01T12:52:52.262575","Code","keystroke","shift_r"
"2025-11-01T12:52:52.454373","Code","keystroke",">"
"2025-11-01T12:52:52.799586","Code","keystroke","space"
"2025-11-01T12:52:53.403603","Code","keystroke","cmd"
"2025-11-01T12:52:53.692245","Code","keystroke","s"
"2025-11-01T12:52:55.465259","Code","click","left"
"2025-11-01T12:52:58.777852","Code","keystroke","-"
"2025-11-01T12:52:59.340822","Code","keystroke","shift_r"
"2025-11-01T12:52:59.668563","Code","keystroke",">"
"2025-11-01T12:53:00.398438","Code","keystroke","shift"
"2025-11-01T12:53:01.113654","Code","keystroke","space"
"2025-11-01T12:53:01.535653","Code","keystroke","shift"
"2025-11-01T12:53:01.763779","Code","keystroke","A"
"2025-11-01T12:53:02.030658","Code","keystroke","E"
"2025-11-01T12:53:02.468723","Code","keystroke","space"
"2025-11-01T12:53:03.119936","Code","keystroke","cmd"
"2025-11-01T12:53:03.300625","Code","keystroke","s"
"2025-11-01T12:53:32.983158","Finder","click","left"
"2025-11-01T12:53:34.699319","Activity Tracker","click","left"
"2025-11-01T12:53:48.732616","Google Chrome","click","left"
"2025-11-01T12:53:49.199039","Google Chrome","click","left"
"2025-11-01T12:53:49.849318","Google Chrome","click","left"
"2025-11-01T12:53:53.065878","Google Chrome","click","left"
"2025-11-01T12:53:56.582432","Google Chrome","click","left"
"2025-11-01T12:53:57.115499","Google Chrome","click","left"
"2025-11-01T12:53:58.465345","Google Chrome","click","left"
"2025-11-01T13:05:57.087483","Activity Tracker","click","left"
